0,1,2,3,4,5,6,7,8,9,10,11,12,13,14,15,16,17,18,19,20,21,22,23,24,25,26,27,28,29,30,31,32,33,34,35,36,37,38,39,40,41,42,43,44,45,46,47,48,49,50,51,52,53,54,55,56,57,58,59,60,61,62,63,64,65,66,67,68,69,70,71,72,73,74,75,76,77,78,79,80,81,82,83,84,85,86,87,88,89,90,91,92,93,94,95
0.74907035,-0.38448185,0.16635145,0.48562148,-0.3132316,-0.46236897,-0.43302563,-0.5739896,-0.6148033,-0.12824972,0.18296352,0.482166,0.64569616,0.10562603,-0.3869489,0.44333032,-0.7689174,2.0159678,-0.20145002,-0.8973354,-0.9915955,-0.18627444,0.16392055,-1.0289618,1.1496481,-0.11570196,0.13223013,-0.36346713,-0.1816256,1.339627,0.6988644,-0.93539214,-0.4245462,-0.9904628,-0.062103957,-0.11330557,-0.6991787,1.2260748,0.02348277,1.4487762,-0.1474831,1.056719,-0.5643107,0.31542742,-0.27212536,0.36593226,-0.861133,0.4064651,0.6759888,0.97668314,0.24913195,1.1668508,0.4032123,1.399015,0.9517732,-0.15350711,-0.8906367,0.26379138,-0.9828876,-0.010323778,-0.49556074,0.69481826,0.040536582,-1.2227428,0.07044357,-0.8636341,0.17111081,-0.119348794,-0.6227615,-0.73329496,-0.8330978,0.4660697,0.46403158,-0.41245878,-0.8565553,-0.78970206,-0.28776675,-0.41882217,0.7264379,-0.7310282,-0.2825417,-0.9359193,-0.33370328,-0.6930562,0.69144374,1.0674682,-0.21689957,-0.07198164,1.407332,-0.42039752,-0.28881285,-0.9640183,-0.45211416,0.0061469004,-0.56265426,0.41920552
0.18922469,-1.344672,0.6347008,1.3868557,0.08801179,-0.8905379,0.7092966,0.87183785,-0.26207313,-0.06896204,0.20767176,-0.19869134,0.8605851,-0.16509949,-0.8636575,0.011635274,-0.32810923,0.47081318,0.36132067,-0.52131605,0.24562976,0.14170584,0.08154786,0.23036733,0.48925772,0.6686507,-0.60609806,-0.48776096,0.14689334,0.7218067,-0.5303822,0.19943994,-0.6875501,-0.6267477,-0.8833979,-0.5303525,0.40924823,0.4396007,-0.19716534,-0.113883406,-0.5659402,0.5136024,-0.7500295,1.0540121,0.63601166,0.3221602,-0.5340326,1.03403,0.695359,0.8124675,-0.25471213,0.9956142,0.21607697,-1.3316286,-0.37982202,0.6162985,-0.2186852,0.1190379,-0.19415648,-0.51855904,-0.77683127,-0.5039296,-0.023827054,-0.8605789,-0.2555225,-0.5417903,0.29875153,1.713119,0.7305766,-0.55031884,0.5855259,0.53424186,0.26045546,-0.87257284,0.5710388,-0.16339709,-0.71547854,-0.19533372,0.07214342,-0.097832054,-0.9154848,0.24791229,-0.75681496,-0.5864683,-0.34847158,0.12220584,0.8964603,-0.7821036,-0.6846661,0.052359663,-0.580258,-0.531501,1.0264896,-0.59062123,0.49549478,0.1224639
-0.90766436,-0.035462618,-0.4485622,1.054665,0.71740985,-0.26782924,0.39272177,-0.26642835,-0.5158434,0.20048667,-0.93909246,0.21795732,-0.91005516,0.059450254,-0.3361202,0.10676208,-0.51780784,0.04603599,0.4514696,-0.060429126,0.022074252,0.012048982,-0.11956161,0.5155817,0.04372856,-0.90448874,0.65200067,0.14836113,0.50371194,1.2582958,-0.82123405,-0.017974049,-0.045960367,-0.040997103,-0.11223647,0.40999332,0.7661906,0.37899148,-0.04110849,-0.5044203,-0.033303984,-0.31241876,0.46049923,0.22059615,0.4805545,0.9621226,-0.49646503,-0.45937252,-0.40172273,-0.15160345,0.2353493,0.56008327,-1.0189064,-0.57273334,-0.25759557,-0.68120795,0.08525264,-0.38615486,0.20479831,0.3414453,-0.33359855,-0.2875458,-0.018422931,-0.35668242,-0.04676588,-0.22811323,-0.6372191,-0.14241552,-0.3669914,0.4630143,-0.5611485,-0.22451013,1.4708211,-0.45390797,0.58470833,-0.73940897,-0.7077301,-1.013387,0.16522603,-0.122779936,-0.2739619,0.16430058,-0.17107299,-0.88780546,1.2365727,0.66391987,0.2728546,-0.84405446,-0.5520563,-0.2652279,-0.29184884,0.5461545,0.9900993,0.31712583,-0.16146633,0.2371297
0.012826055,-0.565898,0.9571156,-0.68344146,-0.62695426,-0.26377833,1.3693491,0.48281905,0.4443224,0.64173394,0.9442922,-0.52126676,-0.2805422,-0.8204391,1.0324802,0.31621993,0.7231569,1.2801081,0.048508488,1.1599036,-0.17028469,-0.29283392,0.40585235,-0.56962353,1.8392389,-1.0466664,-0.4836625,0.2411856,0.07540268,-0.51021445,0.0010728315,0.34216774,1.7106422,-0.833211,-0.95564437,-0.028859884,0.08477916,0.18446895,1.7542822,-0.3435431,0.21994406,-1.0188032,-0.09407735,0.24955148,0.15566741,-0.026372693,-0.22966678,1.6001391,0.32682967,-0.45609865,-1.7744776,-0.7532548,0.5343087,-0.15814221,-0.98049664,-1.6215966,-0.37608448,-0.4487727,0.061188295,-0.65454406,-0.45250633,-1.1863644,-0.29292214,0.13540596,-0.83012235,0.4273858,-0.30798018,-0.5961218,-0.3973826,1.3677765,0.37430212,-0.99847734,-0.07089208,-0.15166056,-0.90802836,-0.7310064,-0.06165734,0.90955853,0.7126165,-0.42552966,0.844967,0.21735364,-0.07865971,0.25955456,1.2541796,0.591623,-0.9787996,0.8484047,-0.6941781,1.2763993,0.3848685,0.14857891,-1.1382402,-0.24574623,-1.0297039,0.2734134
0.60884213,-1.0631436,-0.022508807,1.7024016,0.08165315,0.013841711,1.1792096,1.2030985,0.05550757,-0.59814584,0.34202608,0.14821933,0.63956505,0.23084843,-0.7668253,-0.08185862,0.37404877,0.9508153,0.7389011,-1.3043894,-0.08443764,0.36017853,-0.072411,-0.7262236,1.2771937,-0.07169135,-1.043217,0.70719147,0.4464037,0.938648,-0.30579814,-0.7840141,-1.093773,-0.71820146,-0.68685997,-0.009421736,0.80856705,-0.27645308,-0.04323086,0.05940105,-0.5075023,-1.0643532,-0.68176174,0.5723066,-0.3796025,0.9370141,0.034733653,0.22468172,0.23865916,-0.43173707,0.33695275,1.2133186,-0.027161255,-0.63877994,-0.18963948,0.7498946,0.0018524751,0.5837566,0.5630844,0.35026067,0.41670415,-0.47289282,-0.29431605,-1.3950797,-1.1334634,-0.67350245,0.28381735,1.3736739,0.6238127,-1.0207882,0.12557799,-1.1211224,0.17903078,0.12552366,-0.008910328,-0.51664567,0.10424864,0.15773362,-0.6476404,-0.65767604,-1.352711,0.8004161,-0.1722784,-0.82420874,-0.18065935,-0.4918606,-0.26329005,-0.79386437,-0.28276598,1.3069667,-0.23903154,0.14440069,-0.2297759,0.15958469,-0.54643327,1.2400231
-0.46315655,-1.1776838,-0.52610224,0.6598837,0.42926997,-0.38690186,0.35499007,0.22086358,0.009597421,-0.5942345,0.056357652,-0.63057166,-0.9493152,-0.098213166,-0.73442125,0.53759044,-0.80155176,-0.045878395,1.0202659,-0.67657065,-0.65359044,0.47823462,0.44350955,0.13575038,-0.47681832,-0.5887987,0.5027318,0.51257956,-0.010982007,1.1426462,0.26112658,-0.67003447,-0.1020467,0.20746227,-0.18992758,-0.29597172,0.466229,1.4838977,-0.07843697,-0.19342972,0.37779164,0.13656849,-0.06659731,0.66287816,0.05745858,0.10097793,-0.9592819,-0.7349274,-0.016363114,-0.39022285,-0.44912422,0.560645,-0.9626492,-0.3715441,-0.9463992,-1.048676,-0.13566616,0.8007127,0.021910965,0.3787162,-0.010490954,-0.31946123,1.4625413,-0.41477948,-0.10540268,-0.64945483,0.13844721,0.77545905,-0.0112122595,0.21010052,-0.08523674,-0.08020651,0.61698455,-1.2612164,0.5356021,-0.62169564,-0.65402174,-0.08520885,0.017722256,0.10994649,0.50693125,0.5371951,-0.36557117,-0.8240821,0.52745306,0.6518675,-0.04575488,-0.9320364,-0.76266944,0.17520371,0.14374891,-0.09488231,1.33991,-0.2078684,0.01601082,0.6090375
-0.737554,-0.2701332,0.37916934,-0.59305096,0.28423843,3.3773181,-0.1986313,-0.04012715,-0.38909867,-1.134742,0.6233439,0.52146435,-0.637913,-0.0146160945,0.4543389,0.034157276,0.66503805,0.33377057,-0.17813702,-0.23169665,-0.7173251,-0.63913757,-0.26462305,-0.017981693,0.20401755,-0.58622706,1.0590096,-0.5511973,-0.08268672,0.10589516,-0.05984746,-0.83030117,0.44335312,-1.0434663,0.97259367,0.030283153,-0.6728176,1.2426785,-0.5181701,0.42218956,-0.16712762,-0.66675854,-0.3436314,-1.197304,-0.41853052,-0.6086553,0.63864315,-0.44805038,0.3097123,0.36690205,-1.1772766,1.1039534,1.9287305,1.4800104,0.034078524,-1.0076536,-0.49548274,-0.53558373,-0.37138188,-0.53592426,0.14999175,0.70176464,0.25152016,-1.1632206,-0.699556,0.06965914,0.1231755,1.5976942,-0.11642569,-0.60602534,0.7193607,-0.72256243,1.6933103,-0.5056832,1.1390541,0.089296885,-0.5209886,0.08726075,0.33414572,-0.18139304,0.9894005,-0.7040411,0.2436478,0.46705267,-0.7239969,-0.5201308,-0.956988,1.1563994,0.1435503,0.09212783,0.60014856,-0.1281892,-1.3774731,-0.3023411,-0.23529948,0.8139405
0.113415815,-1.2434503,0.69193506,1.0661299,-0.13106744,-0.76510453,0.3434928,1.1968577,0.14104646,-1.0997847,-0.2086429,-0.036204323,0.45160508,-0.43139255,-1.28249,-0.04946193,0.21985705,1.4274471,0.4146965,-0.9891456,0.2965141,0.16230297,-0.1591084,-0.1131672,0.9335127,0.7082418,0.46414948,-0.278922,0.28886575,1.1859574,-0.52537394,0.20533839,-0.43813,-0.65167046,-0.86428076,-0.37168896,0.3050177,0.64684176,-0.4225332,-0.04122231,0.56516486,0.15822831,-0.7053005,0.73887515,0.4714523,0.44752336,0.02909702,0.6972194,-0.086710855,-0.10011312,-0.10168189,0.8147993,0.856062,-0.7597054,-0.21651274,0.30740944,-0.50363815,0.55957735,-0.00887876,-0.6369932,-0.9562504,0.3343777,-0.0231551,-1.1942306,-0.28020802,-0.04681018,0.07062738,2.022689,0.36373335,-0.35585922,0.8406589,0.106799394,-0.45120192,-0.09167698,0.09698334,-0.055542037,-0.429734,0.35564047,-0.05492051,-0.2434055,-0.8121624,0.26530024,-0.73758316,-0.44219446,-0.4297666,-0.1324033,0.4493039,-0.47999188,-1.3846502,0.9425765,-0.4808346,0.05142209,-0.33159104,-0.10495882,0.42422596,0.22578242
-0.2591951,-0.9867525,-0.60962576,0.68112165,1.2007186,0.24747384,-0.28938782,0.5785091,-0.5250466,-0.6524193,-0.68237525,0.31941307,-1.5001044,0.17104319,-0.9951891,0.44889656,-0.6767036,-0.19021864,0.7049716,-0.1546955,-0.6388706,0.034600716,-0.62539583,0.54481596,0.38099086,-0.32423216,1.3157762,-0.7866194,0.88647234,1.2772595,-0.3972388,0.029261261,-0.83689135,0.6343858,-0.5413881,-0.7424157,1.3014596,0.98659366,0.4452508,-0.6910061,0.65468794,-0.91486967,0.39416257,-0.095400706,-0.142576,0.7731261,-0.5788386,-0.32310864,-0.56582135,-0.111585766,-0.10514975,-0.17107075,-0.50501907,-0.44060504,-0.03835889,-0.22120424,0.028880894,-0.47661638,0.23435125,-0.26849133,-0.26005644,0.17246753,0.1306982,0.23580977,-0.26366416,-0.046947896,0.9356616,-0.54598224,-0.6471573,0.22515623,-0.33600914,-0.36941662,0.06548303,0.56011665,0.7454661,-0.35593063,0.1720292,-0.47333032,0.28811055,0.082242906,-0.69519037,0.41125453,-1.0416927,-0.12218547,-0.06657188,1.0341184,0.79240674,-0.071375474,-0.73006916,1.1523776,-0.53830945,1.1364144,0.87402755,0.09326205,-0.22869012,0.75048286
-0.42889297,-0.63546973,0.21875784,-1.3491448,1.2325468,2.2534053,-0.89512515,0.057344534,0.7520715,0.28153706,-1.7789757,-0.54203165,-0.8173412,-1.1484104,-0.9266401,-0.44720814,-0.2254547,-0.3092249,0.8232049,0.17626102,-0.36067805,-0.91981804,1.2395933,-0.05513856,0.8907511,-0.07586539,-1.0721767,0.715659,0.6882818,-0.0467757,2.0003767,2.2451894,-0.08401701,1.1645923,0.36622515,-0.93758166,-0.43302962,0.42076308,-1.1816672,-0.36746553,1.1736577,0.097751215,2.234221,0.69505805,-0.19408265,0.62708765,0.6536166,1.9848955,-0.48129237,-0.1600424,0.14620507,-1.0517879,0.6961087,1.2363095,1.7203671,-1.432724,0.16396958,-0.6719389,0.26783592,-0.2951227,1.5747881,-0.111715615,0.42883712,-0.8764298,-0.5438982,-0.77455604,0.1583542,-1.5555823,-0.32374966,-1.0010996,-0.38854676,-1.1692585,-0.25924706,0.2832675,0.59921026,-0.52044946,0.14598574,-0.037961006,0.37922537,-0.68827665,1.5458635,-0.4277007,0.07295064,-0.89579225,-0.64349663,-0.67881763,0.08119173,1.4784436,-0.28325677,0.013740182,-0.80120885,1.7914269,1.0724378,-0.63664174,0.5159084,-0.23081635
0.18132198,0.67243093,-0.22872594,-0.09764658,0.37435275,-0.75642914,0.14076369,0.11968895,0.014741108,-0.8560065,0.18099993,-0.452317,-0.6601249,-0.3729008,0.20649594,1.391475,-0.9549637,-0.28193277,0.039365232,0.1465946,-0.96546173,-0.9205475,-0.1251632,1.0168431,-0.6447711,0.38792697,-0.67086047,0.80255103,0.38307232,-0.029408157,-0.7717911,1.8462093,0.54860675,-0.55431944,0.13559987,-0.19082017,-0.36071447,-0.5651339,0.20501152,-0.7448065,2.5339267,0.11379999,1.243521,-0.1632705,1.3544713,0.22373721,1.6395388,0.22401798,0.71385074,-0.6646136,-0.74628055,1.0088234,-1.43063,-0.085314855,-0.28094792,-0.8600139,-0.32277858,-1.202841,-0.037331536,-0.204844,1.3734257,0.5080968,0.43635374,1.0744479,0.3513818,0.7218553,-0.47974464,-1.0067693,1.7196627,0.27104038,-0.35951057,0.50757957,-0.0040519238,0.5502959,-0.8573631,-0.6714924,-0.32435623,-0.8650113,0.43356043,-0.4912626,-0.49051392,-0.15226282,-0.8125957,1.2525873,0.233746,-0.083241016,-0.63433814,0.20500286,-1.0510435,-0.70633006,-0.09244925,-0.49905375,-0.5857652,-0.1307553,-0.5877888,0.90646297
1.2451959,0.4312302,0.43858537,0.89168847,-0.4638645,0.051941752,-0.24916409,-0.44441342,-0.50714576,-0.057272643,-0.15749785,0.83807826,1.442287,1.7220445,-0.28870562,0.27528158,-0.94725364,1.3757771,0.8330424,-0.19853736,0.05209598,-0.93778795,-0.3619144,-0.8443636,1.151412,-0.5724684,0.47643328,-0.9104417,1.5367323,1.147194,0.22499697,0.994409,-0.38609296,-0.75725687,0.25225317,-0.15014267,0.43753302,0.7065387,-0.51646423,0.16987379,-0.5143841,1.4226214,-0.1754709,-0.75775266,-0.31428206,0.74417937,-0.3489873,0.10208237,-0.55476,0.31836653,-0.85352653,-0.5180588,-0.2339547,1.2480711,0.5930855,0.45720193,-1.0794264,0.42832816,-0.56590086,0.068053305,-0.21138318,-0.21356376,-0.06637615,-0.54510087,-0.27625206,0.07574305,-0.016955271,-0.9719908,0.2715094,-0.14927438,-0.22495082,-0.28089964,-0.32762766,-0.63664585,-0.5476901,-0.62405443,0.38615996,0.17704386,-0.22133434,-0.43649584,-1.0557692,-0.13027415,0.08904019,-0.8069315,-0.19114941,0.4143603,0.802082,-1.247643,0.1254714,0.9216581,-0.41725826,-0.7830837,-0.6603657,-0.7262539,-0.54074574,0.4165002
0.29867232,-1.5215068,1.998918,1.3975346,0.023877248,-0.47444934,0.4560502,1.1859518,-0.3103318,-1.404018,0.29199198,-0.6595049,1.0831406,-0.26687977,0.07243055,0.08100538,0.25484324,0.8703331,0.70248216,-1.0985419,-0.028308988,0.19279253,-0.5302714,-0.45247242,0.64865035,-0.097513795,-1.5454539,-0.11453598,1.9759656,0.9545771,-0.34828636,-0.5788181,-0.9881278,-0.4754052,-1.2130883,0.6350415,0.027234495,-0.25209016,-0.5401244,0.43919384,-0.015234679,-0.741224,-0.71847516,0.8159747,-0.003454119,0.7871355,-0.14865106,0.63991374,0.55619913,0.27655935,-0.061384484,1.358878,0.60726666,-0.6753975,-0.084222674,1.7978415,-0.29425457,0.5857427,0.4015645,0.058206,-0.518162,-0.88640547,0.3540333,-1.2809337,-0.7895959,-0.6917358,1.0296458,0.7609875,0.724442,-0.55933356,0.14000243,-0.5193925,0.43658823,-0.111319035,1.6357285,-0.4654689,-0.35297996,-0.3453956,-0.6034208,-0.4732553,-1.2709814,0.32997185,0.34872195,-0.9445348,-0.39975086,-0.23688714,0.09496723,-1.1476682,-0.7448961,0.9224416,0.06965551,-0.41592354,0.10976407,0.15236837,-0.4705085,0.771597
0.22654548,-1.3582549,0.28364405,1.4627918,0.38681048,-0.2583867,0.45321965,0.19356376,-0.40265214,-0.42708975,-1.3465115,-0.1592524,0.005963534,-1.0425012,-0.6799683,0.15327346,-0.680897,-0.20545727,0.7108991,0.7488302,-1.0013266,-0.15997517,0.14333534,0.045639977,0.9983854,0.02271998,-1.1044084,-0.07813066,1.3790673,0.49007648,-0.31041646,-0.55508953,-0.85908765,-0.29120964,-0.3841801,0.28603768,0.15555114,0.4810519,-0.19165474,-0.77797633,0.2536713,1.2396766,0.21653959,1.0530747,0.27055198,0.5432287,-0.5141256,0.48872882,0.12949352,-0.41020685,-0.15649012,0.9570055,0.121061385,-0.35631394,-0.7269907,0.2598525,-0.009598672,0.06496447,0.16191706,-0.084182754,-0.39408347,-0.41542587,0.06949888,-0.23816206,-0.6277784,-0.47756863,0.5299046,1.0578284,-0.4764276,-0.44393063,1.2987592,-0.87157875,0.046211287,-0.99786854,1.9183128,-0.37282276,-0.6018857,-1.0000732,0.036933124,-0.67306966,-0.496567,-0.11599457,0.22285718,-0.5155413,0.28178272,1.3150077,0.24627459,-1.3192346,-0.7422893,0.9260402,0.059855014,-0.06349343,1.8923488,-0.13422732,0.4343054,-0.5483694
-0.12253654,-0.074288845,-0.954674,-0.49371138,1.1605307,-0.055263326,1.2734904,0.673172,0.32027954,0.044027284,-1.29637,-1.0488694,0.013678256,-0.032766253,0.58750224,1.4754369,-0.6807134,-0.717194,0.43086207,2.1569304,1.1502278,0.27886462,0.7107695,-0.21196093,0.40689898,-0.4867915,0.73542726,0.036826506,0.34676805,1.1040039,-0.34487227,0.0047352314,-0.110805914,-0.12368581,-0.44027007,0.69209623,-0.8000665,0.33777326,-0.29590216,0.16232614,-0.28009337,-0.12448097,0.33932883,0.69153845,-0.20566826,-0.13585562,-0.017731212,0.16519926,-0.53675205,-0.108395636,0.11089955,-0.5345633,0.15575975,-0.72082573,0.4007792,-0.33364907,0.4142701,0.28374803,-0.6241425,-0.25439227,-0.6586548,-0.67400515,-0.8328556,0.29199943,0.66063166,0.66400176,-0.58673763,-0.91603297,-0.2026976,-0.16823329,-0.9538723,0.1623829,-0.08163069,-0.038909256,0.28470537,-0.32836053,-0.3844456,-0.8822632,0.58695066,-0.5043772,0.54799604,-0.012247771,-1.0721327,-0.41419792,0.0396156,0.39561427,0.13895142,-0.22189748,-0.26940608,0.16080913,-0.6494652,-0.3097046,0.769476,0.28464308,0.31210485,0.44105017
-0.87007624,-0.0006028712,0.6402192,-0.1255253,-0.11625177,-0.6060806,0.6426408,-0.5933342,-0.7514468,-0.52370435,0.14132515,0.88524383,1.4485228,-1.788314,-0.38458872,-1.3597138,-0.9500809,0.16966493,-0.3128572,0.0593642,2.4603176,0.79240036,0.09022334,-1.357451,0.3627398,1.4185677,-0.13660143,-0.8595099,-0.113697484,-0.6562083,-0.32528675,-0.68575084,0.14631718,0.7995561,0.25541383,-1.5023963,-0.91139555,-0.3969515,-0.1066317,1.5075507,-0.7821213,-0.7848996,-0.93136775,0.6625485,1.2012895,-0.17912027,0.09255126,1.062712,-0.8350625,-0.6513416,-0.823023,-0.86017334,0.014673099,1.7564594,-0.6064421,-0.53936315,-0.9866921,-0.10560344,0.36714906,1.0576297,1.55485,0.7530395,-0.280197,-1.2151783,2.4191144,-0.45799989,0.87857395,-0.7208654,2.517971,-1.2600315,0.04985863,-0.2836856,-0.39170757,-0.7698442,-0.35137868,1.916874,0.72849214,0.5735701,-0.14477317,0.75167286,-0.3290692,-1.0943272,0.009698451,0.42075622,0.25604928,0.21196243,0.35424525,-0.39207557,-0.3506657,-0.4213957,-0.20087773,0.32975152,0.031071812,-0.17278576,0.7047655,0.42062956
0.5527831,0.85623866,-0.42901897,-0.38735324,0.9767229,-0.47099832,-0.34252322,-0.17329329,0.9155,0.028536305,-0.49316797,-0.4196528,-0.46206424,-0.60474676,0.7287537,-0.7514052,-0.38769448,-0.473974,-0.5576539,0.2401826,-0.82588047,-1.0311592,-0.41103548,-0.11535579,-0.5520632,-0.5006623,-0.92980874,0.84927976,-0.81123734,-0.6470419,0.46358645,0.64899176,0.2986108,0.39115068,0.0895874,-0.18054062,-0.4369225,-0.57885176,0.55825055,-0.62989736,1.3627096,0.32732275,-0.5636594,0.04617724,0.107301384,-0.18415213,1.4636593,-0.67874026,0.7017054,-1.057572,-0.1233826,-0.033732116,-0.4526476,-0.2113572,-1.3311498,0.88184035,0.22815405,-0.25699514,-0.0124087185,-0.0035495237,-1.0446633,0.010862619,-0.08519,0.7903167,1.6651443,1.9519148,0.6692629,0.109354496,0.8359516,2.3024058,-0.47192594,1.5198864,-0.87000835,0.9760829,0.5675851,1.2476687,-1.1461037,-0.7472507,-0.37469965,-1.5422889,-0.11851549,-0.69541425,-0.19824499,0.16522667,-0.047994584,-0.23896787,-1.1611601,0.28937662,0.52117175,-0.5135471,0.24574065,-0.32813314,0.42802167,0.64551663,0.30167425,-0.07092899
-0.9316459,0.61230814,-0.37017763,0.18870458,1.0999503,-0.6726885,1.8497055,0.18673822,-0.032946825,0.39511058,-1.5016117,-0.23782706,0.9868678,1.4207332,0.2644543,-0.32181758,-1.0916288,1.694548,-0.47517154,-0.7483089,1.5651946,-0.04579872,-0.74131644,-0.15528026,-0.7749033,-1.6510732,-0.1627362,1.0532805,-0.23947674,0.22367921,0.118570864,-0.84624946,1.037364,0.58890784,0.7907202,0.1915794,0.7880572,-0.93717086,-0.27527264,1.0093677,-0.9546288,-0.4430086,0.29444242,-0.36811763,-0.8487951,1.7057804,1.056134,1.0497665,-0.46438545,-0.461989,0.51905674,-0.77833444,1.3735921,-0.24366777,-1.172759,-1.0096557,1.6455486,0.62742895,-0.3808489,-0.57205385,0.5795231,0.08189012,0.35759306,-1.7701726,-0.48824123,1.1736579,0.50159425,-0.15163322,-1.0255433,-0.61193824,-1.1544406,0.056107044,0.068739146,-0.88829404,-0.8585539,-0.53932774,-0.21711922,-0.40894824,-0.5825613,-0.064071625,0.16027147,-0.54327565,0.60451186,-0.20358801,0.06440613,0.0380717,-0.571642,0.048489332,0.030422688,0.039052278,-0.12442784,-0.41941828,2.0630722,-0.265638,0.36940804,0.4635588
-0.97769505,-0.5073035,1.305984,-0.1920991,0.20459455,-0.20705101,0.94269943,-0.30216184,0.45869994,1.9777758,-0.7700589,0.2916811,0.20361428,-1.3027244,-0.07048659,0.56495416,0.1881758,-0.031950712,1.5765975,0.1469168,1.1282531,-0.5007963,-0.07861863,0.8922183,-0.47711328,0.44403553,0.7740111,-0.25690943,-0.79848874,0.7698755,-0.9768062,-1.178458,0.53753245,0.31749398,-1.109998,-1.442461,-0.42485797,-1.2657479,2.0441008,0.056669116,0.099377595,0.96411854,-0.17581354,-0.24985823,0.14359057,-0.41351554,0.2303836,0.11393039,-0.28677467,0.073721826,-0.26987642,0.6602286,-0.4264184,-0.26756155,-0.56051445,0.023300588,-0.65482354,0.7340177,0.19854534,-0.8403139,-0.31025258,1.1217098,0.29430598,-0.705547,0.27870008,-0.5486733,0.3835703,-0.0030280352,-0.23683858,1.1059899,0.103142396,-1.444329,-0.6226423,1.0662904,-0.30537194,0.17064182,-0.005691394,-0.46238506,-0.14238647,1.0087461,0.985356,0.2578336,0.99973583,0.89181113,-1.2289649,0.038304314,-0.47233874,-0.62122613,0.07424317,-0.11269158,-0.049632937,0.5006326,-0.6025342,-0.5626312,-0.014713973,-0.566824
-0.8055851,-1.1945939,-0.13072172,-0.17170852,-0.4071539,0.3819227,-0.14536381,1.144272,0.1606707,-0.8750067,0.9268,0.083642006,-0.8561275,0.30381012,0.44694912,0.21849127,0.7559442,-0.05497986,0.042086728,-0.20525107,-0.18317774,1.1207445,-0.60841656,-0.17866513,0.9658725,-0.3038063,0.8078749,1.6298494,0.2923605,-0.4383303,-0.5413096,0.017428264,-0.9180267,0.3682011,0.02840754,-1.3905089,-0.02343361,0.34825212,0.30687732,-1.3690543,-0.22522394,0.897877,-0.087304264,-0.5243692,0.4668465,-0.88705075,-0.14531891,-0.899675,1.216139,-0.04427436,-0.581936,-0.9442117,-0.32039893,-1.5412084,0.48827597,-0.32577133,-0.48819354,0.60718894,-0.045021236,0.22543555,-0.66611904,1.4002461,0.84764755,-0.112093955,1.0245607,-0.16605519,0.8751131,-1.6530393,-0.68497837,0.62609124,-0.67562276,0.37441552,0.14773375,1.1192602,0.32735735,-1.1099685,-0.10488954,0.17787325,-0.5782094,-0.4224568,-0.02602163,0.3512785,0.40113807,0.66024876,0.6149607,0.50825465,-0.44841725,-0.31699932,0.08789572,1.0529287,-0.4061585,0.06777252,0.48735943,-0.038671046,-0.1154952,0.10327706
-0.7518062,-0.062488467,-0.79366094,-0.39112556,0.7918661,2.5040534,0.03664413,0.800448,0.42463514,-0.4979015,0.29452774,-1.0782272,-0.4328179,-0.69349766,0.22869284,-0.2008318,0.7147124,-0.061986938,0.16033378,-0.38025936,0.42811432,-0.27233785,-0.19720891,0.86977094,-0.35508907,0.8803892,0.58771074,-0.28157187,1.3735188,0.7536211,1.2905188,0.46406776,-0.6908009,0.4879729,1.8735137,0.22781461,-0.35027224,-0.31382743,-0.0060065165,-1.7669868,-1.2191534,-0.037969694,-0.85794306,-0.544963,-1.43506,-0.46261582,-0.53117365,-0.65271604,1.3970832,-0.17063174,0.357884,-0.9151736,0.09437967,0.94688267,2.0249712,-0.9040778,-0.98389024,0.1819303,0.8280423,-0.43300176,1.9273067,0.12794662,0.4474547,-0.20667213,0.30671626,0.7385685,-1.1114763,0.6049957,-0.9651859,0.028485373,0.64991295,-0.36601728,0.33187485,-0.5125375,-0.17124331,-0.6950836,-0.24933484,-0.54463387,-0.27259624,-0.5249504,0.4280651,-0.688105,-0.4434721,0.5478751,-0.29418418,0.7545736,-0.2376987,1.6837182,0.0758037,-0.001808364,0.3258196,-0.072039716,-1.1050063,0.02659624,-0.88258725,-0.32602298
-0.5582919,-0.721148,0.5970211,-0.080012545,0.14861226,0.51325047,0.29210812,1.4658406,0.09955022,-1.0544939,0.16369204,-0.9665059,-0.0118687,0.43664727,0.062288523,0.6987005,0.16369283,-0.52235365,0.11300044,-0.5232621,-1.1023139,1.3863065,-0.20302385,-0.6686251,0.21307,0.6510463,-0.894728,1.3456169,0.57857835,-0.48097068,-0.5577568,-0.88269264,-0.5173214,0.82450753,0.12016165,-0.065718144,-0.0537695,-0.3144463,0.3495654,-0.20449129,-0.14050968,0.41225892,-0.37298542,0.02782081,0.7919866,0.01253289,-0.6748483,-0.018159166,0.43772173,-0.34069756,0.032877162,-0.045160785,0.16295063,-0.11297786,0.030724168,0.5577772,-0.55303246,1.510123,-0.5882925,-0.23034424,-0.6462431,1.0517949,0.31426185,0.20954064,0.62047553,-1.0590749,-1.1302481,-0.9163575,-0.68076354,0.49400604,-0.73506826,0.25087067,1.1932459,-1.2140176,0.25083232,0.19991557,0.3580635,0.07798225,-0.6883697,-0.87337804,0.23871878,-0.093794644,0.33239865,-0.84725416,0.43088964,-0.17963126,-0.2647481,-0.28257376,-0.9013109,0.47452557,-0.60016894,0.5978333,-0.018722914,1.5148013,0.43711013,0.48515558
-1.1177368,0.100169264,-0.7314075,-0.06677131,0.82327557,3.0511627,-0.34441617,0.09239868,1.0301872,0.1500064,-0.42120123,-0.7192806,-0.49602237,-0.28067917,-0.18473418,-0.43850002,0.52699614,-0.30125588,-0.4532006,-0.11844801,1.2157,-0.16318028,0.47180045,0.73787796,-0.57204616,0.3074714,-0.1341543,-0.6168889,1.2558104,0.6177404,1.1321702,-0.68529403,0.07205337,0.21018067,0.74892294,0.31361267,0.27902365,-0.32277498,-0.031021178,-1.1407958,-0.31752488,0.30070928,-1.1864302,-0.26158327,-0.51376116,-0.050607055,-1.3291395,-0.25092894,1.5640869,0.36487645,-0.42371333,-0.33927432,0.46204734,0.916227,1.1014473,0.95579445,-0.66631323,-0.3922938,0.4053303,-0.22410563,1.2953668,-0.23174842,1.0343773,-0.4217432,-0.8692457,0.9039824,0.0907428,0.60923105,0.3875286,-0.33665892,-0.34703627,-0.22540884,0.88375306,-0.62653995,0.5739393,-0.24489075,-0.86253846,0.27076232,0.16480976,-0.98916066,0.5483963,-0.8144399,0.09848219,0.7163336,0.119482614,-0.258948,-0.6721945,0.7481295,-0.10995099,-0.7681156,0.915786,-0.36761028,-1.1163845,-0.19951639,-0.9401562,-0.2926541
0.3676908,0.10152206,-0.27011108,0.26779482,-0.5020237,-0.8043656,-1.2515342,0.585747,-0.53801495,-1.2913815,0.43085247,-0.2355065,-0.02248475,-0.0388062,-0.7675258,-0.18082753,-0.06953827,0.061231777,-0.81028116,-0.50459534,0.3813675,0.322999,0.5280353,0.25765365,-0.42218924,0.78841054,-0.44464475,0.6348222,1.841887,1.2924006,0.18620652,-1.3200685,0.40882772,-0.37464935,0.7356847,-0.53827745,0.06275439,-0.84868515,0.62288845,-0.493819,-0.7428453,-0.3080271,-0.32762817,0.28166583,1.144698,0.68840414,-0.41755858,-0.38506228,-0.39129895,-1.0626642,-0.272344,0.6072444,0.39778763,-0.14696725,-0.2435407,0.28060502,1.0337038,0.70622176,-1.1750005,0.7364025,-1.0954562,-0.15513556,-1.242599,-0.62776935,0.54544723,-0.2042383,0.071768716,-0.51832867,-1.0211459,-0.50965774,0.54054385,1.2374918,-0.41386953,-0.9972962,-0.27094045,0.06904611,-0.30598164,-0.01991047,0.4482063,-0.32802108,0.3145893,-0.3075291,1.6956567,-0.44070545,-0.57256883,-0.7339296,0.6998209,1.1385489,-0.93157506,0.28920865,-0.053794548,0.7179955,0.7268437,1.3245894,-0.93035185,-0.14984259
-0.42105043,-0.24103501,1.0849955,1.1166435,1.1692303,2.1427827,-0.7425505,0.53651667,-0.83606863,-0.82231236,-0.79491484,-0.4066072,0.5879811,0.713438,-1.211452,0.41681296,2.4910183,0.057938606,-0.69054914,0.48007333,0.9655049,-0.5383802,1.5897813,-0.3463996,-0.37063122,-0.36512524,-0.27322832,-0.7758975,1.384456,-0.8881982,0.253491,-0.385043,0.45398685,-0.25852686,-0.8012806,-0.60660684,1.7763789,-1.0548785,-0.7341993,-0.16925675,-0.37150976,0.77425194,1.3160386,-0.5868492,0.94096756,-0.25852045,-0.5244922,0.10418676,0.42828092,0.6010289,-0.44516578,-0.1173068,1.0059311,0.6119977,-0.5754001,1.817203,-1.1368316,-0.5520898,0.027245894,-0.58138347,-1.084852,0.48634076,1.1677499,-1.7924349,1.1140884,0.22994787,0.8487554,1.2821311,-0.49207932,0.32668328,-1.4456141,-0.13808489,0.42521548,0.06686321,-0.91653544,3.45783,0.14143541,0.29316765,0.1803227,-1.6587679,-0.90133923,-1.5753813,-0.31214446,-1.2567089,-1.0310208,-0.8242691,1.6595875,0.36149657,-0.5926391,-0.1359472,-0.49755323,1.0715256,0.3156674,-0.9412608,1.1888946,-0.95547366
0.49271017,-0.50371087,-0.17730606,-1.0764372,0.6192384,-0.09388127,0.3681674,0.3779707,0.3156641,0.07079592,-0.11841369,-0.7581803,-0.8643671,1.1355419,0.5026227,0.72410536,-0.1290169,-0.8344876,-0.058522567,0.6015657,0.026969224,0.62696415,-0.8768155,-0.057948634,0.5885102,0.43759933,0.6945089,-0.4944914,0.7094337,-0.15946223,-0.41320628,-0.2114173,-0.18795195,0.3539102,0.06784757,0.47256863,-0.12644619,-0.2293561,-0.061923295,0.47576517,-0.8768672,0.9334968,0.1618202,0.5242338,0.7367208,0.16583675,-0.8376179,0.03309539,-0.19553572,-0.37908268,-0.60916126,0.14775942,1.1771429,0.16816956,0.14592761,0.08799952,0.77497673,-0.10329975,-0.66647893,-0.064847894,-0.7108266,1.0916177,0.5887228,-0.5283544,0.065947205,0.40081736,-1.1043589,-0.42438644,-0.77758443,-0.08949104,-0.570881,0.23013234,0.26477408,-0.8088392,0.086540624,-0.19101326,0.31735915,-1.2631059,0.20435607,-0.69848007,-0.94657576,-0.015808582,-0.8371375,-0.96655405,-0.5947319,-0.4100847,0.2627894,0.6018687,-0.3579083,0.9326613,0.07808596,-0.037209257,1.3257954,0.36971796,-0.8045647,0.1740827
-0.87171125,0.018075235,0.22596635,-0.22401264,-0.11607398,2.0718858,-0.37659186,-0.23726177,1.295767,0.16324773,0.12568921,-0.63867974,-0.99681497,0.28713363,0.32084674,-0.7444244,-0.35247487,-0.30573356,-0.24835764,-0.05569105,0.4870931,-0.52279896,0.43358397,-0.10964638,0.2938732,1.1903491,0.7467914,-0.39680955,1.0037242,1.354872,0.81619006,2.317594,0.6529769,-0.4034974,0.4373081,0.4048509,0.074968874,-0.598429,-0.33028945,-1.1380409,-0.87257695,-0.8403312,-0.27979773,0.2834544,-1.153562,0.26172265,0.7858151,-0.37458986,0.73603666,0.88684416,1.850127,0.02690947,0.62182534,0.40461078,1.2722793,-0.456451,-1.1748664,0.26637614,1.1214675,-0.45817196,1.3333893,-0.24256556,0.39655647,0.22133517,0.40953356,-0.73929405,-1.0288473,0.26386285,-1.05929,1.0193744,0.08815636,-1.0660136,0.053900823,-0.8921734,-0.14148965,-0.41663033,-0.6951308,-0.44311288,0.4408737,-1.142507,-0.69473994,-0.553722,-0.5392078,0.4668289,-0.5994998,-0.14266196,0.18639551,2.0235877,0.73855555,1.1134655,-0.24782045,-0.4986474,-0.51298475,-0.67462397,-0.44156197,-1.26652
0.7742671,-0.6361443,0.030020092,0.5238248,0.647546,0.8727937,0.16323599,-0.26443395,0.34467554,0.50685626,0.88841456,0.26796818,-0.6790906,-1.491829,2.2295146,0.66928124,-0.09251255,-0.13175394,0.23571959,-1.1536098,-0.74977475,-0.53619295,1.5096061,-1.125742,-0.867478,1.1147163,0.5679932,-0.38607848,0.5064665,-0.251063,-0.77307826,0.93067694,0.1252742,-0.068013966,0.663764,-1.584246,-1.5212264,-0.64599645,-0.15296775,-0.02054429,-0.14522374,-0.88201714,-0.7400391,-0.12838005,-0.07718146,2.3946724,-0.8737024,0.1583485,0.05454099,0.17934132,2.2426403,0.23021515,0.5384283,-0.12481743,1.0248281,-0.11814457,-0.905974,-0.40534687,0.68837065,-0.448713,-0.8561424,0.11571109,-0.1915116,1.0889723,-0.33230537,-0.7015935,-0.69974804,0.3572566,1.0627888,0.47668797,0.47620487,-0.18881162,-1.2066274,-0.86668944,0.26432455,-0.40903956,-0.4007088,0.86403877,0.34198648,0.95150733,-0.49991626,-0.51736,-1.1876028,0.41011474,-0.8902339,2.5411048,0.0056208298,0.6043974,-1.1114244,-0.18648046,-0.4444018,-0.07673586,0.19789785,0.5094601,0.34359404,-0.4882094
-0.25940824,-0.8176764,-0.08751139,0.79165405,-0.10420835,0.17418642,-0.030605406,-0.57092905,-0.4944057,-0.11342575,0.13264102,0.07426843,-0.9253124,0.46616003,1.0757275,-0.44743228,-0.81943166,-1.7126337,1.0596199,-0.09299412,0.48947206,0.65467626,1.4331236,-0.9820362,0.19997591,0.39653388,-0.14469686,1.4118465,-1.7280442,-1.1811068,-0.17968076,0.022298306,0.3433202,-0.23971581,-0.035583735,-0.9771419,0.025742337,0.17277764,-0.14963602,-1.0023793,1.5471387,0.8867216,-0.4136665,-0.4645394,0.25372532,-0.42659563,1.4455583,-0.33342183,1.3659979,-0.3777215,-1.0302095,0.06767967,-0.028505206,-1.469479,1.207789,0.2267473,-0.594329,-0.5413384,-0.8857938,0.44824368,-0.48207432,1.0522008,0.3725698,0.79608685,-0.04532823,-0.49149024,0.25540417,-0.67129886,0.35289094,1.5126133,0.507072,-0.3536419,1.0069008,-0.20961834,-0.20582363,-0.44402862,-0.2836843,0.036311522,0.24175777,0.078416884,-0.53168416,-0.48349485,0.032744452,0.2151013,1.0460547,0.26450354,0.028769227,-0.34602648,-0.5022048,0.18487749,-0.42798674,-0.54274356,0.87967354,0.27120256,0.024222314,1.3158983
0.28329918,-1.0626248,0.7936675,0.79484594,0.01980871,0.25815472,0.64683855,0.80129313,0.39681774,-0.82500666,0.56477994,0.39153242,0.5029113,0.24026775,-0.32706547,0.33173934,-0.7487781,0.31278017,1.0426186,0.43377757,0.039480083,0.37045094,0.20562977,-0.24073678,0.6126818,-0.11766079,-0.33548495,-0.4214001,0.7064826,0.118554965,-0.89686865,-0.9630214,0.21199962,-0.6765542,-0.27722615,-0.40530217,-0.717952,0.84642345,-0.84161043,-0.19697013,-0.4535454,1.0027964,-0.68726724,0.73007107,-0.028439432,0.5081108,-0.5160686,0.38266897,1.4179739,-0.50984365,-0.17703979,1.5110064,1.1051965,-0.7552858,-0.47910953,0.015254945,0.004401304,-0.30906123,-0.49379238,0.0062805414,-0.50684977,-0.15538684,-1.0786952,-0.6311862,-0.62558043,-0.60219836,1.6021603,1.736584,0.37611747,-0.9096718,0.24032381,-0.5557165,-0.48243243,-0.44361392,0.25240064,-1.0576816,-1.1938509,-0.073573336,0.19555564,-0.0026566982,-0.7384858,-0.11681349,-0.45597175,-0.6977278,-0.59317195,0.025124766,1.0485047,-1.1317399,-0.6571975,1.5484762,-0.01913432,-0.24748695,0.4447229,-0.7510719,0.6845301,0.42929327
-0.34916177,1.7822917,0.13054672,0.28376326,0.317609,-0.56637174,1.1549902,0.99834675,0.39942765,-0.47431406,-0.25331014,-0.2558993,-0.3656885,0.513296,0.33027244,0.82091856,0.02997199,-0.16824114,-0.6139866,0.84735024,-0.32989722,-0.9125516,-0.19556093,0.68220127,-0.23831266,0.06989947,0.96510404,-0.73741794,0.29318976,0.035959587,-0.5625376,0.9537817,-0.5540571,-0.12904681,-0.114908576,0.6049212,0.43912065,0.3754426,-0.36147663,0.16040964,-0.22191097,0.47852644,-0.5253318,0.1743077,0.4981355,0.43538296,-0.23518798,-1.0863311,-0.6896409,0.26489702,-0.28964424,-0.21793088,-0.27578664,-0.83857495,0.11211568,-0.12627354,-0.34796083,0.05259502,-0.33989283,0.1371797,-0.70654905,0.08029312,-0.6478538,-0.33370048,1.611737,1.4455276,-0.16740759,-0.36651394,-0.09172393,-0.016449213,0.11492652,-0.17620923,0.3322521,-0.13900483,0.18149109,-0.49197525,-0.00848341,-0.4500056,-0.81027764,-0.10305375,-0.15739325,0.28078568,-1.0391511,-1.1858189,0.7661811,0.51738656,-0.17650333,-0.47215533,-0.08283618,-0.9802871,-0.26544017,-0.49442023,1.3326195,0.023315877,-0.8159574,-0.54561186
0.43744496,-0.17048755,-0.5192448,-0.5802125,-0.28081927,-0.82081115,0.047220215,-0.6154753,-0.055611018,1.3696856,0.3363996,-0.07043086,-0.9866087,-0.4078375,0.5151686,0.16003853,-0.42344305,0.40343785,0.0036283135,0.6155537,-0.036645114,-0.36218017,0.021742038,-0.49213696,0.63291156,-0.4357356,0.55045605,0.14262,0.5952716,0.09565527,0.32472312,0.6444666,1.1136537,-0.39459175,-0.50666285,-0.05719325,-0.25508326,0.2758607,1.4536387,-0.6041511,-0.2979256,-0.658991,-0.03286709,-0.75488484,0.696783,-0.40658003,0.2780882,0.16690563,0.9260926,-0.5132911,-0.8953235,-0.119693846,0.83063287,0.21531382,-1.5561823,0.14386588,-0.81100315,-0.53655,1.1731907,-0.53025615,0.106446564,-0.88795334,-0.30617914,-0.105465114,-0.9765125,0.46679133,0.13559859,0.1983443,-0.58179665,1.3193982,0.8631712,-0.8960311,-0.13760811,0.16425021,-0.71997654,-0.6192641,-0.85604465,0.6718542,-0.058695294,-0.26756436,0.51078814,-0.089270204,-0.20330028,0.6620693,0.9807931,0.48630697,-0.9732394,0.21343088,-0.45237,0.62345433,-0.59858894,0.34248,0.4870583,0.53795797,-0.46789363,-0.19782323
0.14365043,-0.05460918,-0.8507075,0.028141081,0.20663543,0.114691086,-0.096858814,-0.6409774,-0.39887345,-0.8865106,0.2753774,0.65131116,0.31220713,0.8657159,-1.1413138,-0.6904183,0.22916524,1.9384826,0.00034075975,0.062028587,-0.12306208,-0.071989715,1.3335971,-1.2577922,0.89610416,-0.4073096,-0.2459153,0.65502036,0.3488531,-0.6783238,-0.43411934,-0.36065128,1.513307,-1.4305753,-0.42903653,0.4547242,0.5701829,-0.21220393,-0.18419175,0.39049676,-1.0448946,0.5030303,0.32412165,1.1457218,-0.5385747,-1.0886039,-0.5477266,0.71730757,0.76316017,-0.88353086,-0.9113907,1.3302805,-0.036185294,-0.3970503,-0.2489607,1.3669171,0.5433166,0.53320205,-0.72988373,-0.24974301,1.2612095,0.66976595,2.771972,-1.5414623,-0.33358964,-0.13591464,0.1898183,0.04109171,-1.116804,-0.5180613,0.16150075,0.25512615,-0.63642144,0.81064403,-1.6596811,0.8403518,-0.05719292,-0.32926008,0.142699,0.504069,-0.11467865,0.7629885,-0.87941444,-0.020001918,-0.76650023,-0.14186661,1.3469441,0.32708344,0.04000804,-0.28955936,0.16225554,-0.3243694,0.61233544,-1.4305091,0.008662999,-1.1012065
-0.9586239,1.9572465,0.2145972,-0.3044393,-0.09313987,-0.17493978,1.6073538,0.7487283,0.21990752,-0.36609653,-0.26170424,-0.67914677,-1.2354265,-0.17386167,0.46909404,0.2508619,0.05826315,-0.10218401,0.04327765,1.1827098,-0.6215327,-1.1333339,0.29385966,-0.024867877,1.1353016,-0.7333683,0.22817719,-0.2542272,-0.35646933,0.048122004,-0.9935292,0.20713574,-0.15502363,-0.4595542,0.5736034,0.06861493,0.55985814,1.1482685,-0.60853404,-0.29534438,-0.7676704,-0.24377644,0.15062983,-0.21136585,0.31902522,0.20032841,0.86602294,-0.6528311,-1.3151239,-0.08126837,-0.45984197,-0.1879917,0.1541681,-0.4035781,-0.5432589,-0.19791788,-0.2739851,0.71331143,-0.68462026,0.22698942,-0.33258247,0.13245474,-0.14729117,-0.27709574,1.2315294,1.3971456,0.06108406,0.6364939,-0.9863468,-0.114424855,0.038840935,0.0967173,0.093032956,-0.9118365,-0.25305778,0.21030101,0.28871349,-0.35468844,-0.45170352,-0.6270483,0.17016432,1.0645473,-0.8054997,-0.60055137,-0.8533196,0.5621334,0.1951512,0.10436791,0.5744976,0.5101793,-0.0643432,0.30968255,0.9460531,0.21258833,-0.17231105,-0.07690841
2.0122259,-0.7317425,1.0485483,-0.6154916,0.86482424,1.3838432,-1.1600723,0.13370332,-0.43015963,-0.05388975,-0.31211418,0.25188673,-0.24723855,-0.4651093,1.9307144,0.66335636,0.6288018,0.551277,-0.71688616,-0.40990883,-0.4226426,-0.1290966,-0.124709055,-0.44968057,0.54214025,-0.22655554,0.6656573,-0.63739324,-0.106152326,0.4188234,-0.55083007,0.707113,-0.082849324,1.0139394,0.70689565,-0.532374,0.27278826,-0.015721217,0.21062484,1.8038573,0.0895894,-0.7141383,-0.6929126,-0.42145854,-0.12998806,0.28489083,-1.0381756,-0.69991225,-0.1493099,1.1943929,1.423631,0.59237033,-0.89948344,-1.1933277,0.93863356,-0.40939343,-0.95564544,-0.40577316,0.25262535,-0.8394582,0.109210916,0.25091493,-0.2855004,-0.28108788,-0.13887396,0.6254263,-1.6605473,-0.081721455,0.4041255,0.03766291,-0.88227665,-1.1198695,0.09377965,0.038846344,0.28115052,-0.3492595,-1.9048911,0.22582933,0.6730498,0.31287014,-0.4392345,0.5049278,-0.57332283,0.037928164,-0.76661193,2.1978486,-0.17305283,0.7602428,-0.32225585,1.0152583,-0.23754692,0.5016776,-0.31755543,-0.27698833,-0.60623544,-0.9166155
0.96462005,-0.2861743,0.6701502,-0.60693175,0.108826086,-1.0889541,-0.045702323,-1.3949088,-0.2923095,0.53326875,0.28113246,0.18823722,-0.74765307,-0.52877617,0.32893202,-0.60558695,0.7923414,0.111394644,0.4719824,0.88863105,-0.4425689,-0.6515953,0.01839599,-0.76686674,1.5655761,1.288872,0.13387862,-0.37416142,0.12643018,-0.055508148,-0.20171884,-0.8299784,0.25293303,0.75046474,-0.783814,0.3353957,0.7291458,-0.4994625,0.18347344,-1.3890523,0.23553576,-0.2678845,0.5063629,-0.46561426,0.8036631,-0.09258349,0.006709963,-0.98376745,0.86639726,-0.3416377,-1.0759736,-0.302639,-0.5972974,1.0317191,-0.9063445,-0.41602963,-0.98054624,0.14628713,0.40408477,0.11267046,-0.30573264,-0.72586024,-0.00089624524,0.8280078,-0.930017,1.0577948,0.013358772,-0.8160215,-0.38910604,0.9639172,-1.0389779,-0.50690085,1.0160222,-0.26336956,-0.48409152,-0.904729,-0.20463318,-0.055584073,0.8304608,0.3109238,0.6004225,0.33965445,-0.5271018,-0.6341097,1.1022205,0.56059074,-0.7006133,0.4189449,-0.37291825,1.6867847,-0.5807942,0.27180558,0.421569,0.6826832,-0.0430201,0.41699633
1.6325682,-0.4753059,0.15168245,0.8962488,-0.66360337,-0.43184993,-0.3458054,-0.117178574,0.015636727,0.92018116,-0.30217174,1.5361092,1.2819746,1.1207125,-0.66609,-0.03401038,-0.3479794,1.6173153,-0.19179845,-0.5508119,-0.09341723,-0.6713786,-0.1742374,-1.1034188,0.11680475,0.55781263,1.1025454,-0.44517094,0.7171469,0.36895496,-0.48314375,0.04995495,-0.16963348,-0.33157605,0.63292265,0.3799807,1.7331021,0.8522744,-0.5178257,-0.04694569,-0.50333923,0.7635354,-0.2343641,0.9306121,-0.50634766,0.2292831,-1.0463226,0.122876376,0.22594798,-0.39144176,-0.77972305,0.4270906,-0.43469602,0.4396657,0.29291764,1.176125,-0.78915364,0.23859218,-0.7589916,0.10980281,-0.27574667,-0.7744723,-0.2839404,-1.4665794,-0.038921982,-0.6086418,1.1539788,-0.79301643,-1.1161116,-0.094271064,-0.05537963,-0.6009384,-0.4911856,0.3244208,-0.94820774,0.19014162,0.8198056,0.93125415,1.031042,-0.5183699,-0.83441746,-0.29684258,-0.078057244,-0.55229795,0.11879152,-0.11382552,1.3740449,-0.77072346,0.24305584,0.6716257,-0.3483674,-0.06719307,-0.3227332,-1.3088362,-1.3330816,0.021831816
-0.77466846,-0.4947052,0.24920464,0.081897154,0.16811192,0.07816431,-0.22533302,0.39257556,-0.48854274,-0.057899594,-0.33263507,0.15840977,-0.27979332,0.9034536,0.02978383,0.16133197,-0.2924803,-0.59493876,-0.054720752,1.1265392,0.0492379,1.5067474,-0.67162234,-0.46771747,-0.08763698,-0.44647205,1.2763704,-0.6864008,1.1637675,0.7676522,-0.062030047,-0.08789042,-0.5257362,0.2599633,-0.23350151,-0.7574698,1.045519,0.58113015,-0.11750566,-0.57723737,-0.81656635,0.48720443,0.09784164,0.4598302,-0.44875127,0.68748754,-0.7372186,-0.33169362,-0.5102407,0.2758776,-0.6322934,-0.102379024,-0.3774385,-0.80792236,-0.41503015,-0.86076146,1.109471,0.722291,-0.25769925,0.1701751,-0.91692924,0.54928684,-0.23673256,-0.35451937,0.4447816,0.41411722,0.17092693,-0.4271185,-0.4708127,0.16772303,0.038106292,-0.22668065,0.10463226,0.44702762,-0.015687816,-0.40031576,-0.4103201,-0.27624586,-0.12475057,-0.34101984,0.3941403,-0.055862546,-0.97698367,0.58928084,-0.60950375,0.1068504,0.28163707,-0.28294355,-0.098449886,0.31331947,-0.83165467,0.93368423,1.7244235,-0.23389788,0.1089976,-0.08783965
-0.71201366,-0.2589332,-0.595109,-0.82744616,-0.8219793,0.5478507,0.38102716,-0.19514635,-0.012993557,-0.38226157,2.2294521,0.20891616,0.34277165,1.8635933,-0.09992599,1.2123578,-0.36524358,-0.7044267,0.8594574,-0.47601783,0.73725474,-0.83910674,-0.275047,-0.66478133,0.36707532,-0.07426371,-0.5640866,-0.29814613,0.008141503,0.47026733,2.615241,0.47543392,0.62450296,0.026862547,-0.5573313,1.82174,-0.3293426,-0.0532929,-0.73502576,0.061811917,0.981841,-0.1828912,0.7169805,0.42781383,-0.07655986,-0.45655474,0.6193163,0.5736825,-0.2949959,-0.02915965,4.025976,-0.6010731,-0.47840533,-0.8012583,-0.58353865,-1.078981,-1.0439893,-0.21680382,0.18908758,-0.7226684,-0.71977395,-0.28878647,-0.894165,0.2029319,0.56947994,-0.3471429,-0.13629149,-0.50074244,-0.692975,-0.37133068,0.3335522,-0.36838,-0.6965468,-1.4062989,1.3966074,-0.28689364,-0.4711732,3.0553646,-0.43527076,-0.4729652,0.004577309,-0.17437524,0.41576937,0.36808264,-0.6576308,-0.122829534,-0.33480334,0.55824435,-1.133977,0.39957976,-0.6034501,-0.5467907,1.1790121,-0.42097604,0.24195936,-0.5063988
-0.75739884,-0.72471684,0.3723784,-0.31414267,-0.39096653,-0.18261066,0.5611744,-0.63866985,0.04455687,0.6736897,1.237338,-0.5786667,-0.60613656,-0.8981546,0.38587654,-1.2890167,-0.35526758,-0.16958174,0.24072064,1.4423796,-0.36292133,-0.48117027,-0.8459583,-0.6138685,1.3629727,-0.04968299,0.45505026,-0.047503024,0.603191,1.1938149,0.030798785,-1.0047741,-0.0629756,-0.5601407,-1.0438339,-0.20090276,0.3615709,-0.12596887,0.57528293,0.6579899,0.1603685,-0.7141917,-0.16325381,-0.036163107,1.0258245,-0.12566954,-0.07363567,0.35110095,0.6368214,-0.55447054,-0.68625575,-0.0582484,-0.570719,0.39162356,-0.048428327,-0.59067845,-1.0158138,-1.3573527,0.77157676,0.11080012,-1.3673155,0.8350911,-0.47707984,-0.56470346,-0.9937428,0.79630744,-0.5571857,-0.9882438,-0.52426976,0.77188754,-0.67086846,-0.4144677,-0.32981962,0.5040162,-0.22339883,-0.45492852,-0.4148239,1.6399907,2.9610882,-0.8550834,-0.07963392,-0.0109422505,-0.4400844,-0.53337073,0.9741127,1.3089554,-0.35614777,0.30143768,2.4974372,2.1225667,-0.38320124,-0.28638887,-0.77169526,0.8429644,0.5653565,0.13906005
0.40225,0.633104,0.56657356,-0.46783376,0.12076646,0.6841136,0.40569022,0.051964313,0.3636482,-0.5480734,-0.9735911,0.6650311,-0.88224465,0.92546445,-0.09715882,-0.76737624,0.29382172,0.24851875,-0.8611016,0.22529696,0.7139205,-0.041315243,-0.2671417,-1.707102,0.92779773,-0.18111698,-0.2665995,-0.29112476,0.77338284,-0.96051174,1.3600693,-0.0686961,-0.04319462,-1.7627299,0.9524983,0.8429139,1.3433156,-1.0128071,0.35933214,-0.5252562,0.14600316,-0.51174045,0.04155594,-0.00080315024,0.86649984,-0.2174893,-0.43257546,1.2562615,-0.1181898,-0.24615131,-0.03170824,0.28867418,-1.1984121,-1.0657688,-0.61619353,2.8078842,-1.3991044,1.7997544,-0.73953974,2.1040409,0.5046085,-1.4301932,-1.0905433,-1.7092537,-1.2375433,-0.80385387,1.0362827,0.55963707,0.4904131,-0.7296182,0.6116009,1.0098916,-1.2238941,1.5344293,-1.1353515,-0.24097598,0.60998076,0.118863046,0.30965242,-0.37068656,-0.7399063,1.3438182,0.6225654,-1.1213377,-0.9587528,-0.0049142987,0.8783449,-0.58987594,0.87983215,0.65623164,1.9921675,0.942837,-0.9816764,-0.22565563,-0.19900657,-0.25406653
-0.5324494,-0.0045809373,0.16626862,-0.8892852,0.92364013,0.8347528,1.7238462,0.5117007,0.043166175,-1.0111672,-0.80570006,-0.24035685,-0.88936585,0.8140869,0.8441975,1.1941158,-0.59438044,-0.4381755,0.27871025,1.6621106,-0.041333556,0.982063,0.96655774,-0.26611716,-0.15034598,-0.5043133,0.26601255,0.11964731,0.03101974,0.345139,-0.4874519,-0.7291796,-0.114730746,-0.7326549,-0.17407477,-0.7896155,-0.20877782,-0.39415246,0.31506294,0.33170843,-0.02943632,0.61635244,-0.2570633,-0.30034932,0.034341298,-0.48545477,-0.77940434,-0.7688793,0.39902908,0.4615935,-0.4453522,-0.8091095,0.6626365,-0.85439324,0.4166065,-0.73165876,0.23377106,0.5365536,-0.5384586,-0.087469205,-0.18295538,-0.53137136,-0.19587873,-0.21460833,0.15994208,0.20870936,0.88662666,-0.48491877,-0.31873414,-0.09548175,-0.16481885,-0.6457788,-0.23968399,0.32840908,-0.28389695,-0.45696238,-0.02674435,-0.8103305,0.33393538,0.41507214,-0.37382206,-0.40139437,-0.15395321,-0.55791795,-0.5358079,0.7918266,0.44602203,-0.12351579,-0.30582803,0.77928984,-1.1303606,0.2841509,1.3024454,0.66827184,-0.81141853,0.76261115
-0.7825084,-0.27281666,-0.3511501,-0.0051145703,1.0675422,1.9630191,0.10450263,0.49953094,0.20657223,-0.11842789,2.1550188,-0.84248036,-0.94700783,-0.0803653,-0.09997935,-0.41845363,0.47517806,-0.14259875,0.15930828,0.0636445,-0.0660474,-0.5102545,-0.1185093,-0.078354314,0.007797569,0.61266315,-0.11930078,-0.37937826,-0.22585458,0.4439889,0.8956084,2.4316094,0.50978637,0.07016568,0.35357335,-0.9809689,-0.57615167,-0.8718052,-0.6538033,-1.6568912,-0.5077923,-0.14183682,-1.006803,-0.5421065,-1.0486205,-0.58701944,0.22970247,-0.10344109,0.92638427,0.9722761,0.064198256,0.22637856,0.83930266,1.4495155,1.3146256,-0.56013465,-1.162582,-0.21112189,1.127553,-0.43717578,2.0289357,-0.2805829,0.538358,0.96873885,0.3921259,-0.01686737,-0.3350419,-0.10844915,-0.57755023,-0.2093031,0.27727363,-1.1853033,-0.12469111,-1.1306232,-0.59586614,-0.61107564,0.078796804,-0.64512366,0.80181605,-0.11590201,0.24916339,0.24963129,-0.24441132,0.4164809,-0.545859,1.1861975,0.50561184,0.19183052,-0.17884181,-0.0695585,-0.46538073,0.13465817,-0.29687613,-0.51035225,-0.054957468,-0.74303985
-0.7920538,-0.9534422,0.65639687,-0.20397553,-0.46224797,-0.51971686,-0.20968123,0.413538,-0.4996283,-1.0194049,-0.6308204,-1.1503445,-1.1020716,0.019724276,0.5140248,0.14763199,-0.117265895,-0.90144056,0.76055336,0.17121056,-0.4986008,0.7110472,0.31604275,-0.016552418,-0.033174247,-0.0006722659,-0.6603471,1.8395519,-0.90583277,-0.9353358,0.47936076,0.33327842,0.8620497,0.16070026,0.6864608,0.6563771,0.00856363,0.21261153,0.036869854,-0.25948793,0.34185034,0.057652142,-0.5472257,0.04460605,0.4418893,-0.81682473,1.2379946,-0.42682663,1.1084774,-0.74779534,-0.9271981,0.047307625,-0.28784704,-0.3657816,0.7164278,0.86423725,-0.39882392,-0.003978327,-0.12413594,-0.7033818,-0.5745439,1.2215844,-0.03273931,1.5388088,0.36228535,0.24730629,-1.3140695,-0.48131782,0.092579246,1.7337253,-0.5542278,0.37983912,0.16714655,-0.40963143,-0.37281471,0.5822468,-0.41600627,0.15611814,0.5163048,0.08701643,0.109776236,0.26401988,-1.1684625,0.10179187,1.6514978,-0.32940388,-0.6041806,-0.45127133,-0.62921995,-0.39791295,-0.18893528,-0.19367541,0.46844083,0.45252264,0.30320418,-0.42651665
1.3700813,-0.5697386,-0.37675098,0.23030774,-0.21732795,-0.68015206,-0.82357967,-0.81591237,-0.16395316,-0.12073237,-0.42016277,0.8748245,0.6901014,0.21438795,0.14812249,0.19366653,-0.2531814,1.9926293,0.2329579,-0.54635775,0.47628564,-0.5872228,-0.07114622,-0.9784581,1.2568225,-0.6926289,0.46065414,-0.03274265,0.4418256,0.14625718,-0.3008503,0.43984738,-0.18650466,-1.1878313,0.84004116,0.21564895,-0.31833297,1.2164524,-0.43895948,0.93286306,-0.8441304,1.4528394,-0.65225446,-0.166411,-0.674929,0.44535565,-0.6453736,-0.05674824,0.6040092,-0.2657134,-0.5283334,1.0285139,0.48376364,1.4553318,0.20037803,-0.04578547,-0.59170675,1.0059751,-1.170486,-0.26047286,0.3035949,0.54731226,-0.7371045,-0.09649038,0.17582157,-0.35139185,0.8103431,-0.2755908,-0.057487667,-0.06570804,-0.47405177,0.83439803,-0.066456065,0.03373307,-0.1983221,-0.532961,-0.15183476,0.10793227,0.3865221,-1.101412,-0.21923423,-0.49770457,-0.15597913,-0.8644076,0.16985232,0.75653505,0.03168282,-0.2750396,-0.5160443,-0.27687797,-0.24263321,-1.0229123,0.0720402,-0.7096433,-1.0309225,0.0628425
0.13979098,-1.636841,0.88023174,1.2843668,0.107339546,-0.57698786,0.90917325,0.8950409,-0.22592597,-0.8043804,0.25722307,-0.20133482,0.8779576,-0.07918133,-0.4980295,0.27593732,-0.029225528,0.50555277,0.33226952,-0.5061314,0.4495765,0.36366683,-0.3641904,0.21175484,0.8931829,0.24159989,-0.111920185,-0.30705553,0.55207497,0.505705,-0.24217524,0.12578154,-0.59718436,-0.6085481,-0.60538656,-0.10431659,0.39061552,0.093673125,-0.44079334,-0.07237922,-1.1028993,0.10178152,-0.8752135,1.043201,0.21531048,0.15056339,-0.31108844,1.0333843,0.47533748,0.25397557,-0.47315162,0.9468402,0.092236914,-1.4202783,-0.53359836,0.8384188,0.014088884,0.32599345,-0.13917205,-0.5540087,-0.5842189,-0.16673267,-0.35460532,-0.5273858,-0.38459197,-0.17902915,1.1531323,1.4641356,0.5515462,-0.1312928,0.5039682,0.13383439,0.02195203,-0.77984345,0.70681703,-0.06473109,-1.0941453,0.07809727,0.2258422,-0.2711673,-0.9586656,0.5422916,-0.21882647,-0.9683433,-0.42645055,0.06151282,0.695105,-0.5690745,-0.7470516,-0.22540653,-0.3695763,-0.4725755,0.05538425,-0.7347388,0.35591578,0.5304891
-0.09144661,-0.78224397,0.11061323,0.9449703,0.5048398,-0.057074092,0.41282874,0.27086186,-1.2976937,-0.15765354,-1.0173428,0.5328436,0.60369027,-0.3469584,-0.87371236,0.047526985,-0.5733774,0.09270114,0.3664852,0.07557272,-0.35535228,-0.21884587,-0.34545147,0.3737027,1.4861189,-0.26181638,-0.11250454,0.34678617,1.1800144,0.5225597,-0.4266983,-0.2162042,-0.25581208,-0.5741693,-0.5520438,0.18943393,0.62881625,-0.25504425,-0.057611555,-0.5103111,-0.45415515,1.1430457,-0.10545041,1.3456374,0.43974024,0.8270025,-1.1123228,-0.15434971,0.49147952,0.2286267,0.4015875,1.1319469,0.43001717,-0.74325836,-0.4103199,0.04885319,-0.6513664,-0.5884299,0.495263,0.0456231,-0.20257697,-0.00561291,-0.6331517,-1.1660533,-0.4229103,-0.114120096,-0.11136603,0.68745327,0.23374552,-0.55062026,1.1480577,-0.9070795,0.44263992,-0.5842184,1.2876067,-0.34180468,-0.21832815,-1.4216392,-0.097414345,-0.6248517,-0.99769676,-0.25507975,0.24373502,-0.48049223,0.72227687,1.4617506,0.5909461,-1.3159921,-0.78239137,0.13092333,-0.5944592,0.009821095,1.1060319,0.46214777,-0.17353368,-0.5714676
-1.0696223,-0.7710262,-0.10422674,-0.8700447,0.6611337,-0.062498324,0.8355704,0.67007345,-0.4379748,-0.5825735,-0.93129385,-0.90868986,-0.33087194,1.024325,0.6328302,1.2647216,-0.3287577,-0.28107625,0.740095,1.5734863,1.2745343,1.0489806,-0.2802813,-0.19885357,0.5564062,-0.22996844,1.0109209,-0.60259354,0.97481203,0.7596607,-0.08582839,0.21562225,-0.48117766,-0.18491572,-0.23212394,-0.15858813,0.0010146201,-0.23508155,0.6692256,-0.14494881,-0.29461017,-0.034696653,0.06938637,0.65035933,-0.101493806,0.3942651,-0.5297178,0.14893486,-0.7668337,0.21975371,-0.43768805,-0.3118816,-0.026092805,-0.6735161,1.5187086,-0.31561416,1.0186274,0.09306921,-0.340954,-0.41542688,-0.7056055,0.5994948,-0.45728418,-0.15621653,0.6604092,0.15443097,-0.7842164,-0.668673,-0.0819593,-0.1625079,-0.05633518,-0.57275105,-0.37941903,0.23642182,-0.7361789,-0.58111095,0.46868187,-1.1058335,0.30089983,-0.613379,-0.42889118,-0.706431,-0.55689657,-0.28012478,0.08597017,0.5768584,0.42204428,-0.49014756,-0.24869114,-0.0022712946,-0.48741645,1.1992564,1.138201,0.16920894,-1.0487514,0.64787644
-0.67383254,-0.0886368,-0.86788666,-0.7345516,-0.2664472,0.4564629,1.4403024,0.1291976,0.32069975,-0.41406593,2.2106538,-1.0840236,0.44954738,0.5006738,-0.463361,1.1938183,-0.8045355,-0.55554116,2.1123548,-0.976355,-0.018966734,-0.58828676,0.6611521,-0.13508974,0.91146326,1.5378675,-0.14051794,-0.92692125,0.4678318,0.55934,3.1493578,0.15559429,1.3358258,-0.15201198,-0.9228487,-0.2959194,-0.87378436,-0.96496475,-0.46875453,-0.12824535,1.8880526,-0.61457866,0.6712647,-0.31041625,-0.33154798,-0.93421423,0.3649475,0.076985925,0.03145497,-0.16979873,4.5530844,-0.9441846,-0.8219018,-0.38698494,-0.7463116,-1.0413246,-0.19477698,-0.54365736,1.3054894,-0.76009333,-0.21618153,-1.2732439,-0.27816623,0.20696256,0.119427934,0.16674285,0.30501986,-1.4467,-0.806654,0.1952728,-0.8532971,-0.14480387,-0.46856534,-0.5010441,0.8044116,-0.10783929,0.092657425,2.432185,-0.48763865,-0.79006886,-0.89837897,-0.34981263,0.42125887,0.9493986,-0.64644563,0.37560925,-0.24799708,0.5242147,-0.9074273,0.68653035,-0.38929605,-0.6829293,0.78205764,-0.42565495,-0.6925656,0.4609027
-1.3859499,-0.907437,0.28171098,-0.8469871,0.50007385,-0.2502443,-0.12832332,0.24972314,1.3553536,-0.12814577,-0.5001484,0.9250411,0.22383986,2.3895147,2.0704918,0.26417953,0.17997727,-1.2685575,0.94486505,-1.1311615,1.5545405,1.6467423,0.0850493,0.7910584,-0.6772785,-0.1974997,-1.0949981,0.4969328,-1.7378608,0.21179768,1.3939577,0.10477054,0.14822905,-0.4208924,2.2044308,1.6735084,0.66735125,1.7052798,-0.7239907,-1.5603287,0.87175846,-0.91227174,2.700063,-0.5410823,-0.6990486,0.34907433,0.7163396,0.5829315,-0.3300467,0.37163052,0.6304013,-0.3725109,-0.8053819,0.4198225,-0.04806424,-0.12428068,-0.91695535,-0.5725299,0.14121239,0.1509533,-1.2954136,1.1088488,0.40291944,-0.22757971,-0.849475,-1.2393377,-0.5700066,0.8249803,-0.2911314,-1.8561554,1.5128604,-0.41553646,-0.47207963,0.7197876,2.2974021,-1.0595974,0.99005216,1.2509876,-0.4766729,-0.5115149,-1.9439516,-0.40894878,-1.3062387,-0.9001138,-0.0025843978,-0.48670983,0.009948835,1.0890608,-1.2886362,-0.26341584,-0.06346978,-0.1304356,0.31716105,-0.017214783,0.47478038,-0.98390305
-1.2864842,-0.3436535,-0.89010286,0.910211,-0.78951365,-0.07216247,0.35625455,-0.18032819,-0.7858752,-1.0903044,0.34706342,-0.26338282,-0.47705603,-0.67232126,0.09949687,1.0904541,-0.5317366,-0.46947482,0.24769914,-0.35578912,-1.3802361,1.1820946,0.05107607,0.42800695,-0.035195515,-0.58757854,0.3506455,1.3112606,-1.1694369,0.5690106,-0.7551557,1.2303675,-0.49764594,-0.015107885,-0.20298891,0.11112863,-0.6235609,-0.080128044,-0.15901147,-0.121446915,0.1785798,0.72954786,-0.26288143,-0.54393744,-0.14851464,0.8758072,1.2940178,-0.60644114,0.25074854,-0.59176755,-0.037702113,0.09994063,-1.3047147,-1.1016153,-0.0652418,-0.20019767,-0.030837342,-0.19175886,-0.20636545,-0.119827926,-0.597975,1.4971719,-0.5841388,0.28489846,0.0014190078,0.18012808,0.02855067,0.1842125,-0.8225254,-0.34083396,-1.071192,0.03395912,0.53824335,0.32175997,-0.42520708,0.08743307,-0.4918473,0.39446914,-0.009124666,-0.62888,0.7704928,-0.51126087,0.27751613,-0.24446285,0.8034563,0.04937102,-0.0011514276,-0.24842528,2.3681808,0.07534899,0.17405027,0.027705155,-0.17563507,1.2022905,-0.21974646,0.92397016
0.98172283,-0.055200554,-0.6281737,0.3079176,0.4210021,0.1943729,-0.3508098,-0.92093796,0.15893985,0.23290448,-0.18077385,0.9655339,0.7451143,0.41453868,-0.5411515,0.1422491,-0.9349368,2.2462356,-0.52052623,-0.8922545,-0.7960787,-0.059138913,-0.57176524,-0.76907754,1.4458627,-0.74424946,0.6758224,-0.005885251,0.053067356,0.49812818,-0.37825358,0.16721976,0.33443826,-0.94838953,0.8888051,-0.7016346,0.086220354,0.30985898,0.3555012,1.2053441,-0.9683343,2.106422,0.14353192,-0.2733922,-0.8612531,0.19492057,-1.3561903,-0.24517131,1.2752752,0.39504263,-0.24110466,0.36154512,0.55440485,1.2511637,0.3719193,-0.42044148,-0.9160305,0.4305388,-0.98558694,-0.16234592,0.48237494,-0.619292,-0.26030764,-0.051009774,0.15038154,-0.22205453,0.4713356,0.061632663,-0.16479999,-0.9237545,-0.663735,0.5559646,-0.76121354,-0.5365528,-0.78922725,-0.08408323,0.6140086,-0.010491379,0.17755182,-0.65412045,-0.16509357,-0.40903628,-0.25114298,-0.09052878,0.46805483,0.48759034,1.1377065,-0.57225704,-0.43908632,1.24975,-0.44081473,-0.89031035,-0.55803204,-0.21246625,-0.8155509,-0.27834916
0.29827484,-1.334631,1.1387954,1.17643,-0.23280208,-0.47736615,0.98556644,0.73766226,0.009643361,-0.3285776,0.21096003,0.0035768747,0.84900236,0.15689519,-0.7141007,0.5747308,-0.41300383,0.78109074,0.45334014,-0.670613,0.24433112,0.24809179,-0.23612297,0.5152102,0.778106,0.027837366,-0.61600775,-0.43987048,0.117765024,0.2820931,-0.45436832,0.28011718,-0.90116763,-0.2835595,-0.8910388,-0.40649897,0.6258909,0.4128248,-0.04980591,-0.30614135,-0.8358999,0.28871635,-0.9395985,1.0073749,0.2891727,0.18843153,-0.7980145,1.274621,0.70035875,0.40751624,-0.28497487,1.0412923,0.34405375,-1.5159222,-0.40599218,0.16368161,-0.2966913,-0.118662596,-0.08189973,-0.43314043,-0.68794745,-0.2944406,-0.089934655,-0.6648303,-0.34332815,-0.36207318,0.5169785,1.6047803,0.7775533,-0.51411253,0.78112924,0.072362915,0.11414038,-1.2014515,0.1336622,-0.13173065,-0.7087457,-0.010235772,-0.036292344,-0.15441538,-0.78790987,0.3342015,-0.7125602,-0.41933525,-0.4022297,-0.17003822,0.82773614,-0.9207261,-0.87784314,0.5603384,-0.8344253,-0.35225752,0.72276384,-0.46976748,0.6832952,0.27897152
-0.85794604,-0.065457344,-0.2773526,1.1391737,0.7254957,-0.26844338,0.4292295,-0.43007654,-0.40845555,0.1684901,-1.0339346,0.15760672,-0.8751363,0.06571017,-0.33203146,0.24993983,-0.5888236,0.016625911,0.5063452,-0.10278459,-0.07980168,0.06314854,-0.21950841,0.46980613,0.046382517,-0.8828723,0.68794954,0.13823241,0.5533715,1.4102278,-0.79904133,0.1085075,-0.103086695,-0.17799437,-0.10562533,0.7010946,0.78335726,0.37145966,0.026526064,-0.64470315,0.054175325,-0.33034405,0.33749932,0.14342192,0.29648423,1.1291546,-0.40214956,-0.5315763,-0.51859844,-0.060765833,0.18339707,0.49963963,-0.8841018,-0.6209814,-0.27212697,-0.87286144,0.019137707,-0.37901372,0.28161967,0.34549674,-0.20499662,-0.38629243,-0.047103256,-0.31553966,0.10063079,-0.28041208,-0.35169452,-0.19281289,-0.3121628,0.4081786,-0.45292038,-0.37065706,1.3480394,-0.63980746,0.31317723,-0.76955247,-0.60715,-1.1163785,0.011017233,-0.17919937,-0.19622965,0.28860107,-0.13920635,-0.8289845,1.3528788,0.79651093,0.2679073,-0.865441,-0.61704206,-0.08773263,-0.42806375,0.40041813,1.0183835,0.34638393,-0.15723507,0.23977011
6.324053e-05,-0.60120046,1.0449356,-0.6920847,-0.6712382,-0.3616367,1.4237088,0.39876816,0.39944568,0.7422767,0.936727,-0.5214677,-0.3045975,-0.75719625,0.9678565,0.3352194,0.6257925,1.3103334,0.07430089,1.0830859,-0.3458146,-0.2559007,0.40106428,-0.55968225,1.9410331,-0.9266836,-0.48282662,0.18761906,0.08247954,-0.4800396,-0.05657272,0.4216357,1.8453083,-1.0345228,-1.0401901,-0.046949893,-0.059733734,0.26281047,1.7700104,-0.38496065,0.31414288,-1.1136814,-0.12118258,0.13971809,0.1587255,0.065502666,-0.26449978,1.5515212,0.4289506,-0.46143657,-1.7190169,-0.6612993,0.55920994,-0.21102497,-1.1370487,-1.6038435,-0.43239626,-0.40636805,0.053761683,-0.70136166,-0.33729,-1.0906827,-0.30914903,0.07479185,-0.7653283,0.4902008,-0.32182074,-0.5524328,-0.26307943,1.4854366,0.48950836,-0.9694371,0.09295112,-0.16823363,-0.91405624,-0.96811354,0.026603311,0.9610913,0.7314504,-0.34575385,0.878838,0.18504065,-0.045239866,0.18350972,1.2825559,0.6568413,-0.97005665,0.8107655,-0.6897268,1.0764707,0.456815,0.06648165,-1.1732132,-0.37041026,-0.90963084,0.32055774
0.16132843,-0.80780756,0.29132855,1.7186723,-0.16077301,-0.24110939,1.3068118,1.4295186,0.063599214,-0.6897075,0.007528603,-0.13294023,0.6228027,0.39056236,-0.60741174,-0.37399817,0.18037891,1.1549833,1.1151252,-1.3800781,-0.22155054,0.39021933,-0.3194738,-0.83454084,1.4961967,-0.24385136,-0.8469807,0.51746607,0.7158301,0.9104294,-0.20460254,-0.62186223,-0.62932515,-0.625329,-0.651886,0.21407925,0.7664972,0.30704123,-0.27675802,-0.45137188,-0.35588855,-1.0304198,-0.8215053,0.9592526,-0.22486867,1.1821675,0.19006014,0.7226416,0.34563756,-0.44354665,0.31439638,1.5389526,-0.007944599,-0.67108,-0.4098374,1.5090623,0.2944996,0.6844876,0.47522315,0.11135453,0.24038386,-0.12304982,-0.036981553,-1.6076608,-1.5219268,-0.46655327,0.38106334,1.4088179,0.41678366,-0.9091308,-0.20135128,-1.0466912,0.38959774,0.11088848,-0.46111467,-1.1447349,0.14759877,0.083415344,-0.4373083,-0.56248415,-1.6735334,0.46632475,-0.05491692,-0.8179934,0.2942947,-0.51854557,0.12442318,-0.567483,-0.56723046,0.73364455,0.027083874,-0.19429857,-0.45473108,-0.027705818,-0.9398278,1.1260431
0.28863043,-1.3202016,0.7695138,1.0429709,0.11231468,-0.43985423,0.84428245,1.6045144,0.0025967062,-0.55951476,-1.4699712,-0.32744437,-0.09075266,-0.11360204,-0.43010807,0.21070978,-0.6226369,-0.1715279,1.0034336,-0.88205075,-0.77972215,0.48111072,-0.6379077,0.17203997,1.1211581,0.3952142,-0.44941327,0.02467367,0.929784,1.3462609,-0.6332042,-0.71821624,-0.4632023,0.6091155,-1.0049307,-0.9384358,1.1925155,1.2605721,0.2230581,-0.748061,0.26087528,0.58458614,0.28626472,0.9812714,0.38711667,-0.055685975,0.23538604,-0.7668487,-0.64363885,-0.43289477,0.4936178,0.40868866,0.021053806,0.23303308,-1.3073229,0.28483826,0.16385429,0.48709196,0.54349065,0.34393743,-0.37838966,-0.81133443,0.36659026,-0.8684456,-0.4452877,-0.51728225,1.4324121,0.7620953,-0.7060187,-0.039323866,-0.5511787,-0.66078436,0.74197465,-0.58294666,1.3847268,-1.0276465,0.27422032,-0.22979128,-0.09039441,-0.3447913,-1.2412099,0.06934551,0.48762217,-0.3243203,1.0115834,0.23180597,-0.25163242,-1.2935818,-0.49468267,0.32124543,0.47352257,-0.09264879,0.7009552,-0.7576769,-0.55613613,0.7779624
-0.5590618,-0.7419674,0.047521204,-0.77355313,0.18410367,-0.20818308,-0.73362774,0.917158,0.95371515,-0.38183483,-0.9595424,1.2554804,0.9473131,1.3355212,2.3269372,-0.89263964,0.9356713,-0.72396547,0.38605526,-1.5900733,0.7794229,1.1363573,-0.185803,0.22186434,-0.524458,-0.21210355,-0.48350725,0.1564273,-1.2925066,-0.74889195,0.4002988,-0.28313684,-0.40952447,0.1157316,2.2573493,0.26892692,1.0945945,0.9665766,-0.008010894,-0.55380636,-0.025897264,-0.5911195,2.2516165,-0.6313455,0.33559722,-0.023019306,-0.18952602,-0.69270444,-0.31661066,0.33213064,-0.6490052,-0.47293532,-0.14135581,0.5376719,-0.6813369,0.53912944,-1.2710761,0.57677245,-0.029859394,-0.9248267,-0.5809916,0.82096606,0.2742675,-1.437295,0.12975869,0.83106625,0.96022904,1.391294,-0.63251066,-1.9282817,0.7743856,-0.62823725,0.99388313,-0.1806637,4.1474013,-0.6405103,1.4110876,0.79961187,0.91181123,-0.85538244,-0.99458206,-1.360933,-0.016000092,0.15010577,-0.09344387,0.10600869,0.45162115,0.06637649,-0.06730883,-0.2632875,0.7660928,0.01964812,0.50790423,-1.1910981,-0.63404375,-2.151062
-1.5129051,-1.0003976,-1.1405779,0.87094915,0.19813903,0.12632817,1.2673866,0.21985728,-0.7560535,-0.2697186,-0.32518527,-0.3948738,0.030419797,-0.13078326,-0.096411824,-0.24591136,-0.6484085,0.44772685,1.0194507,-0.18639445,-0.11436501,1.2353528,-0.33773506,0.3849818,-0.5214139,-0.44919622,0.6424805,0.0025253892,-0.9111723,0.9068012,-1.2544417,0.45166206,-0.30847082,0.27690613,-0.41823554,-0.497425,0.078766465,1.4618114,-1.0293567,-0.74954295,-1.0018483,0.024142772,-0.44964576,-0.46018,-0.28989312,1.4682851,0.6642346,-0.39701498,0.0011963695,-0.15917665,-0.3258678,0.54275024,-1.0277245,-1.1971053,0.0008881241,-0.46586663,0.9333984,-0.21786113,0.49799812,-0.24658404,-0.57961786,0.61181444,-0.26348707,0.25045127,0.28278536,0.2846203,0.21096736,0.1637061,-0.98627234,-1.0908488,-0.36343616,0.260336,0.48592836,-0.057168603,-0.23567072,-0.7000101,-1.06328,-0.46521693,-0.7335174,-0.36002758,1.4449775,0.12917238,-0.30008227,-1.0838093,1.2357142,0.50085235,0.25592458,-0.042748988,-0.10931331,0.45457917,0.2631588,0.52531826,0.7031357,0.7432729,1.2913363,1.5068035
0.69676304,-0.055896938,0.19620138,0.44877052,-0.7024785,0.118352026,-0.19003204,0.20044437,-0.10427253,0.428325,-0.17220077,1.9267603,1.3706839,0.4424619,-0.66829365,-0.67347276,-0.2410784,1.570554,-0.31606805,0.8069034,-1.0397179,0.13792047,0.13055906,-0.6319307,1.6240611,-0.8810162,0.9454391,-0.28031206,0.61112696,0.5265423,0.26293033,-0.6596728,0.26261434,-0.85536104,-0.98663515,-1.2015665,-0.5596522,-0.09675096,0.5477583,0.05144384,-0.6629131,2.4920614,-0.21619406,0.6845046,-1.1487019,-0.03466446,-1.0632855,0.9555193,0.8881008,0.6356889,0.6526097,0.5488341,0.9342581,1.1954193,0.86986345,-0.80677885,-0.8049184,-0.2557193,-0.73274124,0.2794912,0.18424308,-1.0125502,-0.41799048,-0.9657974,0.2723667,-0.2929683,-0.12900409,-0.37899253,0.01751282,-1.0088332,-0.12297899,0.36774826,-0.91176426,-0.36644024,-0.9067397,0.12434289,-0.5607589,-0.3099789,0.64366865,-0.33491406,0.46906358,-0.58422095,-0.061329037,-0.047783867,-0.41921756,0.42229712,1.5503994,-0.81950325,-0.20832923,0.38243964,-0.37403056,-0.26782313,-0.5104938,-0.27138457,0.51509845,-0.54844546
-0.09542987,-0.43435267,0.019844918,-0.3665039,0.21490529,-0.075343475,0.913048,0.06245464,0.16134337,-0.3829943,-0.28727502,-0.43902755,-0.6948502,0.69221145,-0.5419264,0.680552,-0.22441205,-0.55115545,-0.056054346,1.04194,0.91908693,0.8038378,0.47372586,-0.22119091,-0.0383818,-0.14874972,0.30348152,-0.57913,0.5485779,0.37706453,-0.7990465,0.58143216,-0.094111025,-0.09346326,0.16516359,-0.088412195,-0.30061972,-0.19229308,0.45085633,-0.31186616,-0.4507159,0.25921047,-0.099180415,0.29857498,-0.071077555,-0.033474542,-0.11383173,-0.2502679,-0.7535548,0.18921322,-0.48562044,-0.10967021,-0.32219386,-0.64276695,0.5839899,-0.21402617,1.4434483,0.06861642,-0.8570479,-0.7233634,-0.69569445,0.25390917,-1.163289,0.13175881,0.65959716,0.40914536,-0.40669268,-0.3529483,-0.7618493,-0.35123286,0.37613973,0.31582224,0.48174566,-0.5331361,0.46947253,0.40366504,-0.50789404,-0.68457973,0.5045687,-0.41480005,0.21275222,0.4200901,-0.6313351,-0.77649266,0.68776333,0.4150253,0.16348547,-0.1659742,-0.48380768,-0.02425617,-0.60905915,0.11684299,0.80475014,0.3651424,-0.5231972,0.20751894
0.3067391,-0.22925735,0.2409746,-0.45584956,-0.39156836,-0.29541355,0.17742087,-0.27200654,0.1209463,0.15305327,0.83642375,0.65199316,-0.51352024,-0.54348934,0.48452973,0.20722128,0.10626629,0.38669282,1.0329229,1.142982,-0.47664458,-0.49747106,0.36947197,-0.8464201,1.5710783,0.18256393,0.13992724,-0.31619382,0.007570088,0.40414703,-0.6624405,0.28139398,0.80182326,-0.67399955,-0.5554727,-0.22772399,0.028421089,-0.23851793,1.0611857,-0.4575634,0.111876465,-0.28513473,-0.22899193,-0.9193957,-0.035416454,-0.49163038,-0.1641261,-0.0701206,0.42506075,-0.32002735,-0.5763316,-0.56927943,-0.16221932,0.078811914,-1.4825997,-0.4249259,-1.2376505,0.0716438,1.2279866,-0.747818,-0.727475,-1.1813859,-0.6855215,0.30916524,-0.574002,0.32890165,0.5074627,-0.41425267,0.44565177,0.5867373,0.1552341,-0.026337951,0.3270615,0.8331977,-0.7473463,-0.7495183,-0.74692684,-0.011671424,0.17089134,0.39309746,0.3060471,0.6859591,0.17038283,0.41759285,0.9709352,0.032202855,-0.5695871,0.8842633,-0.43488652,0.16701311,0.4109939,0.034663856,0.33646733,0.3516872,-0.6759274,-0.18818358
1.5555004,-0.10051416,-0.18841085,0.8506132,-0.85411197,-0.02917289,-0.2593068,-0.56274444,-0.060639694,0.49345547,-0.3335577,1.6868696,0.8082869,0.8214319,-0.2308193,0.3000563,-0.21753247,2.0885262,-0.3488791,-0.6973789,-0.3636755,-0.9514147,0.12552927,-0.976513,1.0681615,-0.5191203,0.9857377,-0.15345043,0.5544908,0.39748412,-0.5627774,-0.94218993,0.0060887337,-0.35839987,0.88555986,0.20278385,0.77972114,1.4638532,-0.59396344,0.4527153,-0.43408775,0.74990344,-0.41155976,-0.008316666,-0.47932035,-0.10648896,0.29427913,0.63474596,0.4464988,-0.13515289,-1.228003,0.5533564,0.09955225,0.7344513,-0.28298214,0.7284583,-0.99792725,0.3253059,-0.94176865,-0.07934877,-0.030974247,-0.20194995,-0.24648152,-0.93411887,0.18259361,-0.65990007,0.08684148,-0.47181255,-0.37607735,-0.010566846,-0.022694945,0.03774661,-0.17015457,-0.53928375,-1.3176363,0.24454863,0.39241976,0.3499142,0.7675396,-0.53125036,-0.083244435,-0.014324315,-0.075226665,-0.37809628,0.1646775,0.12979889,0.96147346,-0.717824,-0.085578576,0.55935705,-0.642645,-0.45813578,-0.3628484,-0.87527764,-1.1210788,-0.20132487
-0.20181823,-0.49129814,0.0018925667,-0.24845023,-0.090487376,0.35167462,1.0280266,1.0092533,-0.73844445,-0.45623088,-0.70166874,-0.91413903,-0.051720977,0.73972285,0.28836083,0.58468056,-0.33382675,-0.7194223,0.753669,-0.28379533,0.6957567,1.1477796,0.024448745,-0.9620694,0.18390408,-0.1246001,0.35396272,0.06881124,0.8720447,1.1048274,-0.441079,-0.8143487,-0.3067023,0.095181376,-0.852432,-0.61376715,0.9372923,0.3090068,0.20782495,0.63769114,-1.1685429,0.42139718,0.541039,-0.14251325,-0.34962618,-1.2109425,0.44003147,-0.6534822,-0.41151154,-0.19682896,-0.18889606,0.14659414,-0.062199146,-0.40170103,0.32600954,-0.1905783,0.9135536,0.40077084,-0.37547687,-0.5187303,-0.9511844,0.0043999404,-0.6350289,-0.082493454,0.49114448,0.11409122,0.008685142,0.12967987,-0.77485454,-0.16505843,-0.12717539,-0.64933103,1.5625607,0.036856353,0.3958324,-0.5208542,0.5090573,-0.9888756,0.511043,-0.96905375,-0.48923331,-0.30229348,0.49674153,-0.46017554,0.5716667,0.17374606,0.6942229,-0.44932312,-0.80345666,0.1258601,0.085283786,0.056107923,0.9156042,0.05765734,-0.10852962,1.0848215
-0.70271283,-1.3225026,0.30241877,-0.9028393,1.2349163,-0.22190283,-0.30393925,0.32665718,1.1071798,-0.07670674,-0.48279697,0.47661516,0.67385256,1.3181182,3.4602299,-0.7263088,0.9223538,-0.5211879,-0.8003582,-1.3467177,0.8575468,1.3377995,-0.7242271,-0.050605193,-0.008337632,-0.22368008,-0.36384866,0.8632395,-0.787974,-0.33248258,1.2597126,0.4040008,0.41557592,-0.28085905,2.6994138,-0.85925597,0.72800267,1.7350788,0.15564594,-0.46991822,-0.30568233,-0.7886958,2.2435849,-0.948615,-0.9223,-0.49324688,0.23884085,-0.035641573,0.12716499,0.88100326,0.0022373796,0.39023024,-0.3116853,0.37176096,-1.1973665,-1.0452508,-1.2032042,0.71989655,0.21649775,-0.67113614,-0.34415916,1.3858056,0.4248432,-0.24155715,0.56216836,-0.16535278,-0.052678406,-0.11664225,-0.7236821,-2.0556333,0.92684513,-1.0316926,0.71471536,-1.1207664,2.7462125,-0.8539379,1.7999344,0.44720057,0.30422202,-0.7476854,-2.072822,-0.47180718,-0.84517825,-0.39731362,0.29472893,-0.052179173,0.7691545,0.69111246,1.1317557,-0.9183943,0.0771497,0.20232323,0.42790753,-0.90701455,-0.76834375,-1.6911124
-0.44350785,-0.9346532,-0.7983085,0.48826182,-1.4020495,-0.26704165,-0.08834821,0.6357537,-0.035986587,-1.2891074,-0.9351036,-0.5986952,-0.41651583,-0.60373724,0.34294307,-0.3585723,-0.03707342,-0.34992647,0.50543463,0.47847176,-1.0860296,0.33945483,-0.38049972,0.18046656,-0.41320103,-0.6677121,0.24515003,1.2688308,-0.294368,0.24761206,-0.29289916,1.2043861,-0.09396075,-0.1515348,-0.19330412,-0.81406796,-0.42002276,0.44637054,-0.18205455,-0.6769603,0.10213335,0.6668543,-0.44040197,-0.18269715,-0.1352747,-0.39249578,1.599332,-0.1683583,1.0926086,0.086129546,-0.8985324,0.5066428,-0.8359864,-0.9324055,-0.032488525,0.1835212,0.04849728,0.3247922,-0.02267392,-0.4752237,-0.5681696,0.7361766,-0.16420114,0.9845338,-0.17675892,0.6036961,-0.22450042,0.08829342,-0.6062523,0.5307649,-0.5082645,-0.25235087,0.38243905,-0.22892217,-0.05972871,0.2844192,-1.0488769,-0.102988556,-0.61079335,0.1616886,0.5268557,0.5302141,0.7586806,-0.08965196,1.4833814,0.6194147,0.38720402,-0.53389466,0.835884,-0.16962478,-0.54148334,0.28472033,-0.4283206,1.1314232,0.6455258,0.38359955
0.96625775,-0.17697883,-0.33420762,-0.05280155,-0.3059961,-0.2673015,-0.31167102,0.1415478,0.74885994,0.41817844,-0.13424349,1.8612721,0.5230328,0.7968203,-0.33773142,-0.037930578,0.19076553,2.5102549,-0.5655496,0.16054857,-0.22642057,-0.32771063,0.06127037,-0.958845,1.5426854,-0.9094315,0.3348317,-0.2654688,0.5930587,0.2620962,-0.016231835,-0.46529254,0.72242165,-1.6767161,-0.26850477,-1.1103163,0.39519668,0.19163723,0.0018376708,0.4877361,-0.5966223,1.8435643,-0.0753803,0.903167,-0.44559062,-0.28430298,-0.6288461,0.9354441,1.2815015,-0.6691142,-0.586975,0.5008266,1.2449075,1.4951825,-0.29364508,-0.1856704,-0.92213476,0.0789794,-1.1491936,0.2548438,0.3660364,-0.26338208,0.03380732,-0.6989064,0.69290894,-0.27502286,0.97480804,-0.5179129,-0.21028939,-0.6921532,-0.21717435,0.20830329,-0.65510494,0.14935297,-1.2112162,-0.24738097,0.5104968,-0.09217051,0.63064015,-0.76325905,0.0014371574,-0.7578223,-0.690229,-0.5315865,0.6045203,0.3638147,0.9317095,-0.4638642,-0.080537766,0.0339549,-0.8764365,-0.85702294,-0.32011837,-0.72446615,-0.026423931,-1.1442258
0.017802432,-0.44599736,-0.24957702,-0.1955354,0.18969737,0.4711361,1.1932745,-0.019216478,0.32660612,-0.6952814,-0.61635137,0.093079574,-0.12602675,1.2684288,-0.13989307,0.5326551,-0.68392265,-0.71819735,-0.39886814,1.9540975,1.7929815,0.78021485,0.024278939,-0.15002035,-0.04643172,-0.5372987,0.2612519,-0.17224535,-0.21159539,-0.3109401,-0.26129612,0.18088976,0.4912064,-0.43302554,0.4862054,-0.20383891,0.4420091,0.45523444,0.1470165,-0.4686868,-0.7466222,-0.31161973,-0.6493783,-0.054054976,-0.5276757,0.088114634,-0.0608541,0.76807374,-0.20790973,-0.078385904,-0.6837281,-0.7043723,-0.10019021,-0.5646441,0.3494907,-0.6506233,1.1736332,0.25948337,-0.6953786,-0.63823867,-0.90449506,0.17694972,-1.4019985,0.15746994,0.617896,0.407897,0.19097704,-0.41653806,-0.35402173,-0.71113014,0.21887793,0.61126244,-0.27405417,-0.9648785,0.23705876,0.6523113,0.09088221,-0.9049065,1.0033044,-1.1157324,1.357837,-0.0071068406,-0.9292105,-0.7205431,0.17381406,-0.58014655,1.1674014,0.12688687,-0.5865848,0.6870463,-0.7085212,0.24108511,1.3417709,0.041101217,0.16273236,-0.103713125
-0.18529272,-0.15461951,-1.2997211,-0.89601666,-0.82163924,-0.4432793,-0.28972638,-0.40558875,-0.40201166,2.0228934,-0.8420069,0.5534797,0.36808932,-1.2538563,0.38533795,0.17143619,1.0223923,0.36112237,-1.1182073,0.6248139,-0.21548918,0.82827556,-0.4078287,-1.3286676,-0.35241228,-1.1687359,0.82775486,-0.11994234,-0.6586664,-0.08707625,0.26671436,1.618878,-0.8063874,-0.052680567,-0.2697022,-0.6855471,-0.096635506,-1.1145041,0.27709454,-0.7957025,-1.5324303,0.20956177,-0.8731437,0.18412074,0.50469077,1.5153241,-0.20701885,0.7911182,1.3150043,0.8234871,1.0669072,1.1770658,-0.8300692,0.8681621,0.61720985,-0.58393764,1.0206192,0.45659724,0.51338786,-0.2458132,-0.027108997,-1.02953,0.20398074,0.48239696,0.28855827,-0.11971651,1.0890806,-1.5895096,1.0612772,-0.7693826,1.3424155,-0.29903692,-1.0937278,-0.07968879,-0.09716852,-0.1578143,1.6299003,-0.91722965,-0.49430555,1.3632479,0.21102256,0.42031682,-0.4264147,0.06960493,0.15631355,-0.51188034,1.3458976,-0.5532959,-0.34751707,-0.13031483,1.9397959,-1.3754848,0.29177594,0.60146224,-0.31919864,-0.026527047
0.945174,1.0635846,-0.6190226,0.6810005,0.40024513,0.74165833,-0.28882194,-1.2006898,-0.3866852,0.25327033,-0.81905,-0.8185913,-1.0676217,-1.0510606,0.70443577,-0.29182658,-0.76726586,-0.49701464,-1.046561,-0.2919259,-0.93075156,1.762805,0.23680878,0.20327501,0.3694993,0.13993238,0.9928673,1.4851626,0.2583642,-0.85737383,0.87410814,0.6657602,-1.0416455,0.14969015,-0.3978201,0.1797366,-0.29417455,0.020165235,1.6431146,-0.008288484,0.97549295,0.43349934,-0.49021342,1.320984,1.0012223,-0.26495764,0.3395121,-0.40036342,1.0781013,-0.58278346,-0.3709446,-0.24028078,-0.9676498,-0.7157836,-1.5090364,0.00702098,-0.2065121,0.042680442,-0.23809072,-0.22236125,-0.7356557,0.37946254,0.48725405,1.4752254,0.5298698,0.55571496,-0.89647716,-0.37562525,-0.45845416,0.39756113,-0.3888425,-0.102752656,0.46577913,0.9897488,-0.42699128,-0.36718833,0.060037717,0.4168015,0.16680323,-0.6779684,-0.49422702,0.25305596,-0.5215272,-0.6424514,0.4366078,-0.05628168,0.65607625,0.49458796,-0.6721595,-0.32874802,-0.32669985,-0.49897218,0.985126,0.69956934,-0.8425486,-1.4217179
1.30274,-0.5143087,-0.18817005,0.42864162,-0.8366534,-0.40396324,-0.5268413,-0.488571,0.04919502,0.20733774,-0.30550608,1.6147399,1.0085582,0.47773033,-0.20880844,-0.008726735,-0.7554506,2.2544136,0.67780757,-1.0944209,-0.023130268,-0.30513057,-0.08547315,-0.7715194,0.76302224,-0.7990355,0.46743184,-0.038212493,-0.1064924,-0.08333102,-0.064431176,-0.11963898,0.32456785,-0.8194471,0.69754815,-0.113077566,0.35505036,1.0652593,-0.33854398,0.7157518,-0.41236508,1.4642172,-0.7262798,0.21307042,-1.2410613,-0.13944393,-0.4751724,-0.05476895,1.2718277,-0.6368245,-0.6656469,1.2307365,0.32491273,0.65640205,-0.20005709,0.9703798,-0.7703472,0.98711264,-0.5521835,-0.23727101,0.26042068,-0.5396824,-0.28129482,-0.27708566,0.097902685,-0.4313512,1.1136758,-0.4348445,-0.056115627,-0.11561933,-0.22310139,0.113227665,-0.54571223,-0.20681082,-0.6664343,-0.29426187,0.5220367,0.26856852,1.4204525,-0.91702914,-0.22171232,-0.13844173,-0.7420465,-0.80654246,0.29183307,0.37205973,0.9566747,-0.6345797,-0.40260854,0.77471566,-0.55853575,-0.66508174,-0.3313375,-0.61741996,-0.9875567,-0.035776183
0.17821658,-0.45027697,-0.44047824,1.0639088,-0.75304043,0.5175805,0.5930624,0.9305082,0.34615403,-0.3076339,-0.16321582,-0.44435754,-0.5411865,0.79744107,-0.4348179,0.6849908,-0.3428294,0.097871795,-0.22948235,-0.8691849,0.36535537,0.46970868,-0.20205624,-0.16602847,0.22395715,-0.21839151,0.50531566,-0.5525348,0.3790029,0.3782652,-0.25303444,-0.55462873,-0.2911722,0.3227664,-0.5810764,-1.0623443,1.2881798,0.7916443,0.03546086,0.609408,-0.37919405,0.36182302,0.4344646,0.19519937,0.35573453,-1.2684851,0.4196869,-0.14418353,-1.2199976,-0.53840685,-0.2050773,0.6689061,-0.33123752,-1.0935365,-0.93746245,0.0026918314,0.18677315,0.83094597,-0.30535132,-0.04265654,-0.7788875,0.23568404,-0.7438523,-0.7093556,0.18926966,0.89737886,0.9890843,0.22735496,-0.4249653,0.47046867,0.4518521,-0.5273446,0.93531233,-0.17792797,0.08268532,-0.5391264,0.2113832,-1.0492398,0.0876662,-1.1012158,-0.87227756,0.47876585,0.22573422,-0.6392184,0.09465658,0.6611263,1.1340886,-0.1665238,-0.58201647,0.10255184,-0.24127343,-0.45235503,0.8338233,0.16543141,-0.13205901,0.36925155
-0.22718295,-0.60909873,-0.26740938,-0.9509093,1.1547976,0.065102994,-0.78872645,-0.09545152,1.9096645,0.47739455,-1.0898225,0.90836513,0.39857316,1.9684613,3.3955116,-0.64082026,0.85826635,-0.7532041,-0.53985333,-1.082646,0.46344516,1.5401293,-0.4305666,0.20975044,0.042817548,-0.1911585,-0.63182956,0.49341103,-0.8382393,-0.16647212,1.6324608,-0.12181621,0.22738624,-0.054897785,2.2785692,-0.38080934,1.4260876,1.9311048,-0.25322807,-0.36491242,-0.19089514,-0.86601615,2.4667702,-0.6870645,-0.5630049,-0.66692364,0.2748177,0.31841972,-0.56169826,0.23263437,0.006070301,-0.16267544,-1.1169034,-0.34927487,-1.0812814,-0.26533908,-1.4076107,0.65142876,0.14747941,-0.7937614,-0.5644769,1.4102693,0.66902524,-0.84748733,0.41880938,0.62965393,0.62974304,0.5207683,-0.5929729,-2.2715492,0.9949157,-0.9941543,0.85489297,-1.3037521,4.073239,-0.38804334,1.4350555,0.89297014,0.1405622,-0.9536729,-2.2562025,-0.4197134,-0.7514059,-0.79707056,0.32333258,-0.6791658,0.45780966,0.082929045,0.5597755,-0.35719234,-0.2616612,-0.020059556,0.3388542,-0.837358,-0.17528844,-1.6616623
-0.61498237,-0.32533553,-0.39346072,1.1107002,-0.57570267,0.34403992,0.30633688,-0.016016722,-0.4601475,-0.8043776,-0.36182266,-0.73861814,-0.7670702,-0.6344626,0.1319423,-0.6305754,-0.8835888,-0.15136237,-0.16692075,-0.5606658,-0.8130672,1.4548994,0.1839841,0.48682934,-0.0705798,-0.44985616,0.8817143,1.2933838,-0.80815995,0.37609214,-0.90935594,1.4781717,-0.25232163,-0.20797457,-0.3165015,-0.32106698,0.42222923,0.010904141,0.08957238,-0.7755624,0.6322678,0.24870068,-0.18390733,0.036042467,0.05447112,0.5944698,2.0643106,-0.7023072,0.30762953,0.32866395,-0.23249388,0.6161368,-1.4342903,-1.1916647,0.22763975,-0.6113511,-0.06822425,0.13371077,-0.34711272,-0.4061457,-0.21607186,0.7780341,-0.3913687,0.7212453,0.16549802,0.8721925,-0.048042,-0.25403166,-0.5926724,-0.4990335,-0.034048826,-0.2858141,0.95139074,0.0116789825,-0.35754377,0.65399843,-1.2375658,-0.24196546,-0.41730875,0.13364477,-0.031944185,0.24398577,-0.43191165,-0.5079019,1.2052459,-0.33802053,0.5286524,-0.38971364,-0.60925204,0.48527724,0.07069433,0.3329208,-0.21562096,1.118134,0.27911764,0.8569632
1.3048508,-0.11199381,0.6464701,0.33047456,-0.37542105,0.060981274,-0.5750403,-0.38393766,-0.3844431,0.45163316,-0.70378625,1.2192014,0.3877278,0.79531914,-0.07514222,-0.2746703,-0.83243775,1.9945078,-0.11403221,-0.7291192,-0.73175603,-0.30372605,0.12281791,-0.7404634,0.34453607,-0.75400674,0.8408386,-0.6021342,0.9265089,0.3071324,-0.3382365,0.25193983,0.1903567,-1.1848791,-0.37255162,-0.20796743,-0.025487885,0.392231,0.48877966,-0.3598711,-0.08693557,1.9878569,-0.106579065,0.2028888,-0.83611876,0.7299464,-1.3151428,0.36877942,0.95130545,-0.22829592,0.17607662,0.45383894,0.2808071,1.9618042,0.26642942,-0.013605863,-1.0408341,0.8134985,-0.6525672,-0.27319834,0.1416521,-0.6206552,-0.36854666,-0.62001836,-0.20792966,-0.4407308,1.1266739,-0.2269718,0.20681593,-0.44161788,-0.37892553,0.43697846,-0.25422347,-0.4022436,-0.31526536,0.5963899,-0.07410965,0.01100564,0.16164936,-0.34372103,-0.09266674,-0.5401321,-0.32917404,-0.32472163,-0.05787798,0.121984884,1.0913848,-1.009689,-0.10338162,0.787848,-0.6737566,-0.36274755,-0.2758674,-0.60406876,-0.72634673,-0.12943889
0.530039,-1.3328215,0.91603196,1.2263894,-0.20671228,-0.32722142,0.29561323,0.30268905,0.23171207,-0.46367174,-0.028402776,0.019009471,0.3531404,-0.53879076,-0.31730938,0.5920856,-0.32909662,0.39274088,0.5016242,0.5817723,-0.39859825,0.364007,0.10956591,-0.16797629,0.83976877,0.23962823,-0.9317042,-0.49971393,0.5927355,0.19564897,0.013729904,-0.8450326,-0.52371454,-0.82629085,-0.4114117,-0.6139767,-0.743128,1.244084,-0.65596485,-0.31309146,-0.46353036,0.35691977,-0.8239587,0.71457267,0.19255951,0.93034136,-0.46734735,0.569059,1.1250099,0.20074727,-0.13673872,1.4919759,0.5853675,-1.4263923,-0.66610926,0.49761754,0.13168344,0.43188208,-0.16795346,-0.12724239,-0.80650246,-0.5722817,-0.60478985,-1.037596,-0.21962121,-0.15889388,0.90565515,1.645898,0.39838204,-0.2156099,0.45181414,-0.052290976,-0.5162312,-0.41037178,0.60001475,-0.27776578,-0.9599967,-0.7626772,0.38794205,-0.27211487,-0.15137815,-0.13173294,-0.09888525,-0.098262064,-0.7433101,-0.45230377,1.29818,-0.6162919,-0.6668314,0.032548547,-0.17135054,-0.20693916,0.9841097,-0.56875974,1.1304833,-0.22001581
0.23558882,-0.59637296,-0.328166,-0.20673172,-0.08926074,-0.35373473,0.76015216,0.19000906,0.12039901,-0.3620177,-0.002607271,-0.5777192,0.40326738,0.71382594,0.072187945,0.4144523,-0.0021975562,-0.5835578,-0.4573924,1.4521198,0.35213357,0.4969411,-0.17510885,0.09647794,-0.07609451,0.014106393,0.5465486,-0.7377293,0.34950766,0.36946893,-0.9169227,0.25436834,-0.11244807,-0.53441614,0.5664335,0.21432343,-0.11650419,-0.15310049,-0.07515234,-0.18426171,-0.8182414,0.56570995,0.116329804,0.61388516,0.20031467,-0.22198778,-0.2807929,-0.2929462,-0.5560145,0.31733507,-0.40031642,-0.33912808,0.040502332,-0.8443919,0.5405565,-0.33735847,0.99075806,0.06816716,-0.27839842,-0.62121046,-1.008288,-0.12568872,-0.6410607,0.31761792,1.0920295,0.42344373,-0.29582778,-0.54020053,-0.31947383,-0.14465034,-0.41436934,0.5070319,0.1528202,-0.72409844,0.5448829,0.19810253,-0.14420697,-0.98168886,0.29825854,-0.6654657,0.21386577,-0.029043227,-0.6107791,-0.9845131,0.4131791,0.13800798,0.17032462,-0.45164737,-0.43996823,-0.4912166,-0.59294116,0.26574284,1.1576252,0.92635685,-0.39134952,0.33625904
0.22374652,-0.49316218,-0.63370335,-1.1119642,-0.21087497,-0.51520807,0.6116899,-0.4116334,0.051005498,1.119885,0.7708385,-0.085225955,-0.33358872,-0.6618733,1.5390649,0.41834486,0.06941496,0.50649536,0.7200797,0.30136734,-1.0010983,-0.4394629,-0.05624029,-0.65988535,1.793454,-0.069448724,0.15865095,-0.021131784,0.5520643,0.22804798,-0.04266025,0.38715634,1.0538992,0.14365472,-0.7417735,-0.035257846,0.074787974,-0.22573236,1.5873408,-0.40463802,0.22651055,-0.537858,0.38001716,-0.8358717,0.46834534,-0.90024877,-0.034938157,0.6124666,0.7919432,0.1917904,-0.9556573,-0.45620215,0.601104,0.139599,-1.5135268,-0.16620702,-0.9510504,-0.32311842,1.5007745,-0.7479538,-0.67161584,-1.3583803,-0.3180787,0.18168122,-0.6464036,0.0813455,0.61487055,-0.5814403,-0.64359367,1.2786114,0.8334288,-0.61485803,-0.19802466,0.4828062,-0.85840136,-0.47109807,-0.5816686,-0.3790969,0.8194377,0.17544016,0.33329627,0.14268059,0.06185615,0.40661168,0.63168955,0.101129934,-0.6280465,0.12638998,-0.59457976,0.5485218,-0.33616266,-0.20259482,0.41448188,0.35442895,-1.0650024,-0.059292793
0.10301642,0.491711,-0.62444305,-0.30274665,-0.016454972,0.9685861,-0.03536555,-0.3120415,0.19288048,-0.9213928,0.39215246,0.8540124,0.4707894,0.91640234,-1.0411894,-0.4948534,0.5802312,1.0311639,0.45102134,0.47144914,-0.7667686,0.40047953,0.48161337,-1.6059171,0.7684448,-0.3877879,-0.57260966,0.67610997,0.17050472,-1.0495229,-0.80080307,0.29881126,1.9111443,-1.4714054,-0.21932861,0.11844739,1.5439662,-0.32751405,-0.6397321,0.47310233,-0.7563584,-0.34530747,-0.22626549,0.9338771,-0.47243693,-1.3821629,-0.021088213,0.8433012,0.61505556,-1.0410694,-1.2145671,0.7989217,-0.2825294,-0.07917761,-0.40672195,1.5094382,1.2386599,1.0544232,0.1511224,-0.26401255,1.1643748,0.28403038,3.2682078,-1.3462055,-0.4693276,-0.10116221,0.0796842,0.28230304,-1.296,-0.5627074,0.0883932,-0.4066517,-0.76755095,0.9479672,-1.0720208,1.5228481,0.45903796,-0.179812,0.5596633,0.41508073,-0.6525936,1.0763792,-0.85248953,-1.1521704,-0.64190817,-0.3871795,1.4253585,-0.28461063,0.14154202,-0.51330835,0.13060898,-0.18732066,0.50125074,-1.2404487,-0.28229186,-1.3215797
-0.32416955,0.3188957,0.552097,0.12721896,0.56710494,1.0354197,1.6504122,0.43607107,-0.04475922,-0.77069235,-1.2038378,-0.07604837,-0.38959235,-0.16165979,0.53461504,0.6849226,-0.23302436,-0.36760104,-0.38504595,1.5998392,-0.0015331507,0.91940534,0.70804524,-0.5313339,0.30606732,-0.16062169,0.81668633,0.10795164,0.28700942,-0.44211012,-0.86423564,0.2945587,-1.0067872,-0.5805328,0.18498054,0.7881559,0.473286,-0.33675975,-0.041002944,-0.32012904,0.046669647,-1.1692674,0.35322115,0.10683845,-0.67292565,-0.23025721,-0.4701822,-0.18911746,0.36675626,0.31117404,0.29881448,-0.68718725,0.2579925,-0.9445508,-0.07751949,-1.3896976,-0.0174318,0.5964106,-0.39646685,-0.2787931,-0.0976595,0.49616992,-0.66110295,-0.06844011,0.19108711,0.1806498,0.9406803,-0.17884472,-0.41862047,-1.3133919,0.102121405,0.27591386,-0.4220059,-0.03496357,0.14973047,0.092755646,0.19146745,-0.99865186,0.7402857,-0.7689831,-0.3523086,0.51344407,-0.60552025,-0.6279365,0.5014067,0.017962307,0.20793642,-0.8468003,-0.63864756,0.58200324,0.5699278,0.7145431,0.53119963,0.35356286,0.17551658,0.16918652
1.2859466,0.5612725,-0.63429105,0.17957045,0.22364481,0.6056458,-0.5580669,0.04221227,-0.06128895,0.25820816,-0.6057007,-1.1904244,-0.6899734,-0.8275242,0.87652326,-0.022732262,-0.540195,-0.5351775,-0.6385551,-0.83702767,-0.7917761,1.3910482,-0.19199318,-0.12239502,1.6090882,-0.08021371,1.1985153,1.2958109,0.24028902,-1.3414265,1.2686201,0.17962009,-1.0558249,0.40987024,-0.03548467,-0.43874416,-0.72848517,0.009039149,2.0895767,-0.05919628,0.31266406,0.6205876,-0.37120312,1.2533567,1.4745388,-0.049806148,0.6535027,-0.007151976,0.8597918,-0.2836058,-0.5396131,-0.44506773,-0.92052084,-0.85264164,-1.5026786,-0.8646525,-0.44329405,0.30396986,-0.2716897,-0.45647433,-0.93918025,0.6297821,0.5334633,0.9340119,0.052327663,0.4874633,-1.0658674,-0.030347109,0.13898475,0.68101215,-0.15679574,-0.1337165,0.8212464,0.71438783,-1.285237,-0.21693635,-0.4997704,0.054733247,-0.32855624,-0.5991787,-0.36760846,0.32712844,-1.1275907,-0.9946543,0.6085374,0.2295852,0.69266415,0.5470768,-0.47590125,-0.0019727945,-0.46323532,0.144618,0.5513921,0.8143937,-0.9032701,-0.7012404
0.07960169,0.29261136,-0.31394795,-0.08063068,-0.023497641,0.40193573,1.050009,0.76454264,-0.25344676,-0.9137684,-0.22562435,-0.41625768,-0.9775566,-0.051049873,0.041037336,0.92984784,-0.6577332,-0.04486692,0.032126777,-0.13191503,-0.0151667,0.919814,0.60897005,-0.26674354,0.18933439,-1.0406712,0.12986496,0.10571471,-0.07974368,0.64776075,-1.0804524,-0.10543958,0.054719955,0.13249354,0.30640477,-0.5265376,-0.2630574,0.2731315,-0.21715528,-0.10938928,-0.6158753,-0.07056439,0.09055802,0.26136592,0.006209299,0.22721973,-0.50496155,0.35820508,-0.5086335,0.53514206,-0.49288416,-0.01909706,0.3805524,-0.814803,-0.37312737,-0.44946894,-0.46892652,0.39031374,-0.336502,-0.25543192,-0.16364205,-0.18356965,0.18506952,-0.4242116,0.19824591,1.1505415,0.4898076,0.64540523,-0.30140415,-0.4759785,-0.35983562,-0.26945424,-0.0354321,-1.5707263,-0.13087678,-0.28637186,-0.63392514,-0.4104641,-0.35317954,-0.7917045,-0.2773474,0.2616557,0.13860518,-0.08467602,-0.15387672,-0.01910837,1.3107601,-0.058161292,-0.9027859,1.5465745,-0.2793722,0.30710524,0.25000286,0.5796089,0.7041987,0.83122814
1.8860886,0.031419955,0.5423781,-0.5559935,-0.16104412,1.2260033,-0.92479694,-0.4273467,0.54250896,0.30452505,0.69170564,0.067549035,-0.82637084,-0.794598,1.70792,0.98646575,0.46144435,0.06869921,-0.7779132,-0.48011902,0.560765,-0.35300297,-0.11442953,-0.8796153,0.87400365,-0.0047167093,0.15871975,-0.16481088,-0.34431776,0.41366118,-0.4390509,-0.30907437,-0.30687243,0.123461366,1.6895248,0.003203854,-0.15304402,-0.8145308,-0.011606142,1.9790053,-0.8407102,-0.44014615,-0.30506635,-0.3756086,-0.73258924,1.5273931,-1.2474328,-0.47082922,-0.33669,0.6976721,0.87421525,0.25523162,-0.8832767,-0.80955553,1.6461778,-1.5936118,-1.0482694,0.21134433,0.97475463,0.057152748,-0.40086597,-0.03301239,-0.6821023,-0.42615697,-0.37887856,-0.96920854,-0.3964193,-0.29179698,0.94973266,-0.7195692,-1.5495862,-0.19742149,0.49236277,-1.1106547,0.3700305,-0.3459639,-1.206516,0.18320209,0.0978207,0.7957545,1.1583444,0.18974222,-0.7319981,0.8336734,0.8841972,1.7385738,-0.61575997,1.3378403,-0.6135965,-0.12705082,-0.050992932,0.17616732,-0.94187146,0.117787674,-1.403255,0.033486098
0.85147965,-0.28077352,0.67988694,1.1267083,-0.48249167,-0.54680085,-0.32241523,-0.4603511,-0.99702686,-0.056811273,-0.7135559,0.6245946,0.6793463,0.23339903,-0.4115214,0.028812185,0.043711863,1.9518096,-0.83396953,-0.22216296,-0.02635467,-0.3692227,0.6736417,-1.4678521,0.912034,0.37960273,0.8435496,-1.163025,-0.28254622,0.6335377,-0.6677474,-0.7170603,0.17814189,-0.835652,0.16305038,-0.76023376,0.37598038,0.5110758,-0.8031373,0.28331894,-0.28822637,1.6634948,0.078541785,0.16080932,-0.016158283,0.18757093,-1.1634337,-0.55687535,0.3617683,0.93930733,-0.29047096,0.35950136,-0.100831166,1.3864899,1.0857632,1.6898477,-0.9602853,0.9593024,-1.0791545,0.50629985,-0.18348047,-0.14029218,-0.48439032,0.044352442,0.031272292,-1.1156994,0.7571629,-1.2217165,0.6596945,-0.5090255,-0.34871,-0.013984576,0.31171066,-0.33876714,-0.7373278,-0.19804852,0.99837023,-0.024999976,0.6970494,-0.5013903,-0.100919604,-0.53810287,-0.7299503,-0.22063689,0.7489463,0.39181876,0.70195323,0.48154724,-0.20266773,0.27971524,-0.8085784,-0.7948129,0.59222525,-0.6816867,-0.7357738,0.595215
-0.16422293,-0.9611901,0.63902366,1.520726,-0.4431835,0.17421922,0.17921807,0.9724316,-0.65530336,0.35844564,-0.59862596,-0.32106256,-0.025376717,0.33891416,-0.42981637,-0.2804834,-0.5237851,-0.2893669,0.15421617,-0.1387486,0.36278725,-0.40244743,-0.2311137,-0.27630642,-0.72831166,-0.08353439,-0.4280212,-1.085826,-0.10047108,-0.3278985,0.43550542,0.52239406,0.4688295,0.18967903,0.1064682,0.18621477,0.83837837,-0.56867015,0.40344894,-0.2556481,-0.8273745,1.0692699,0.06588353,0.41363543,-0.29379505,-0.2550431,-0.41830343,0.6393255,0.5685284,0.3847486,-0.43345284,-0.107582815,-0.93733203,-0.8870255,-0.5545717,0.9113745,0.34494853,0.7759653,-1.0611556,0.2693008,-0.22322951,0.5309964,0.20850593,0.05038941,0.15201044,-0.3177445,0.5903851,0.68373054,0.46708596,-0.93158334,0.92233706,0.2377481,0.47483724,-0.8936646,0.5618783,-0.19371721,-0.6428137,-0.6505408,-0.28285158,-0.71112126,-0.95915025,0.09321803,0.09118846,-0.8129687,-0.02113679,0.82532394,-0.09280163,-0.040028732,-0.192462,0.7132245,-0.41706777,-0.3008762,0.38441065,0.5075805,-0.40146762,0.44254765
-0.549844,-0.8275848,0.31433138,1.4386466,-0.4569896,-0.024515763,0.47613364,0.43834448,-0.2536112,-0.54095894,0.02596885,-0.73020047,-1.371887,-0.2068746,-0.09325239,0.90792215,-0.59913933,0.19563526,0.45074815,-0.043343946,-0.22833541,1.3571934,-0.21489847,-0.10642026,-0.048589826,0.07315017,0.4909322,-0.6262754,0.41959068,1.0690064,-0.325762,0.7473496,0.27798593,-0.5255873,-0.5585484,-0.7120656,0.5561557,1.6512758,0.27122033,-0.4886567,-0.75712055,-0.27361393,0.6960416,0.045232683,0.064373106,-0.22116917,-0.7304274,-1.306172,-0.3743237,0.33117187,0.819277,1.2282519,-0.06185797,-0.27500775,0.7908918,-1.264231,1.2433443,-0.50678164,0.7456041,0.31514248,-0.95205116,-0.34855473,-0.1717214,0.51175296,0.08511092,0.46153837,0.3865449,0.04992847,0.3293104,-0.046950728,-0.23468302,0.21475127,0.56696075,-0.59395313,-0.050069064,0.122559026,-0.35375044,-1.126029,-0.28749058,-0.8761567,-0.66115355,0.075710654,-0.7793447,-0.10848999,-0.12740734,0.10547157,0.11790998,-0.35781407,-0.5529864,0.99061453,-0.83068,-0.08122541,1.1156063,-0.09065102,0.06205851,0.20208266
